Workbook

Sheet 통산 성적(~'23)
A1: ◎ 라스칼 통산 성적 (~'23 Season)
A2: 1. 타자 기록
A3: 이름 | B3: 게임수 | C3: 타율 | D3: 타석 | E3: 타수 | F3: 안타 | G3: 1루타 | H3: 2루타 | I3: 3루타 | J3: 홈런 | K3: 득점 | L3: 타점 | M3: 도루 | N3: 사사구 | O3: 삼진 | P3: 삼진률 | Q3: 장타율 | R3: 출루율 | S3: OPS | T3: 아웃 比 삼진률 | U3: 출루율 등수 | V3: OPS 등수
A4: 권강현 | B4: 6 | C4: {=F4/E4} -> 0 | D4: 1 | E4: 1 | F4: 0 | G4: 0 | H4: 0 | I4: 0 | J4: 0 | K4: 0 | L4: 0 | M4: 1 | N4: 0 | O4: 1 | P4: {=O4/D4} -> 1 | Q4: {=(G4*1+H4*2+I4*3+J4*4)/E4} -> 0 | R4: {=(F4+N4)/D4} -> 0 | S4: {=R4+Q4} -> 0 | T4: {=O4/(D4-(F4+N4))} -> 1 | U4: {=RANK(R4,$R$4:$R$24)} -> 20 | V4: {=RANK(S4,$S$4:$S$24)} -> 20
A5: 권혁진 | B5: 19 | C5: {=F5/E5} -> 0.23529412 | D5: 34 | E5: 17 | F5: 4 | G5: 4 | H5: 0 | I5: 0 | J5: 0 | K5: 6 | L5: 6 | M5: 3 | N5: 16 | O5: 7 | P5: {=O5/D5} -> 0.20588235 | Q5: {=(G5*1+H5*2+I5*3+J5*4)/E5} -> 0.23529412 | R5: {=(F5+N5)/D5} -> 0.58823529 | S5: {=R5+Q5} -> 0.82352941 | T5: {=O5/(D5-(F5+N5))} -> 0.5 | U5: {=RANK(R5,$R$4:$R$24)} -> 2 | V5: {=RANK(S5,$S$4:$S$24)} -> 10
A6: 김기태 | B6: 29 | C6: {=F6/E6} -> 0.55 | D6: 78 | E6: 60 | F6: 33 | G6: 24 | H6: 7 | I6: 2 | J6: 0 | K6: 35 | L6: 30 | M6: 24 | N6: 16 | O6: 5 | P6: {=O6/D6} -> 0.064102564 | Q6: {=(G6*1+H6*2+I6*3+J6*4)/E6} -> 0.73333333 | R6: {=(F6+N6)/D6} -> 0.62820513 | S6: {=R6+Q6} -> 1.3615385 | T6: {=O6/(D6-(F6+N6))} -> 0.17241379 | U6: {=RANK(R6,$R$4:$R$24)} -> 1 | V6: {=RANK(S6,$S$4:$S$24)} -> 2
A7: 김민석 | B7: 1 | C7: {=F7/E7} -> 0 | D7: 4 | E7: 4 | F7: 0 | G7: 0 | H7: 0 | I7: 0 | J7: 0 | K7: 0 | L7: 3 | M7: 0 | N7: 0 | O7: 0 | P7: {=O7/D7} -> 0 | Q7: {=(G7*1+H7*2+I7*3+J7*4)/E7} -> 0 | R7: {=(F7+N7)/D7} -> 0 | S7: {=R7+Q7} -> 0 | T7: {=O7/(D7-(F7+N7))} -> 0 | U7: {=RANK(R7,$R$4:$R$24)} -> 20 | V7: {=RANK(S7,$S$4:$S$24)} -> 20
A8: 김범희 | B8: 30 | C8: {=F8/E8} -> 0.36666667 | D8: 75 | E8: 60 | F8: 22 | G8: 14 | H8: 5 | I8: 3 | J8: 0 | K8: 22 | L8: 24 | M8: 13 | N8: 14 | O8: 14 | P8: {=O8/D8} -> 0.18666667 | Q8: {=(G8*1+H8*2+I8*3+J8*4)/E8} -> 0.55 | R8: {=(F8+N8)/D8} -> 0.48 | S8: {=R8+Q8} -> 1.03 | T8: {=O8/(D8-(F8+N8))} -> 0.35897436 | U8: {=RANK(R8,$R$4:$R$24)} -> 8 | V8: {=RANK(S8,$S$4:$S$24)} -> 6
A9: 김병진 | B9: 17 | C9: {=F9/E9} -> 0.22580645 | D9: 38 | E9: 31 | F9: 7 | G9: 6 | H9: 1 | I9: 0 | J9: 0 | K9: 7 | L9: 4 | M9: 7 | N9: 7 | O9: 15 | P9: {=O9/D9} -> 0.39473684 | Q9: {=(G9*1+H9*2+I9*3+J9*4)/E9} -> 0.25806452 | R9: {=(F9+N9)/D9} -> 0.36842105 | S9: {=R9+Q9} -> 0.62648557 | T9: {=O9/(D9-(F9+N9))} -> 0.625 | U9: {=RANK(R9,$R$4:$R$24)} -> 15 | V9: {=RANK(S9,$S$4:$S$24)} -> 16
A10: 김재영 | B10: 29 | C10: {=F10/E10} -> 0.51315789 | D10: 94 | E10: 76 | F10: 39 | G10: 28 | H10: 7 | I10: 3 | J10: 1 | K10: 40 | L10: 27 | M10: 47 | N10: 16 | O10: 8 | P10: {=O10/D10} -> 0.085106383 | Q10: {=(G10*1+H10*2+I10*3+J10*4)/E10} -> 0.72368421 | R10: {=(F10+N10)/D10} -> 0.58510638 | S10: {=R10+Q10} -> 1.3087906 | T10: {=O10/(D10-(F10+N10))} -> 0.20512821 | U10: {=RANK(R10,$R$4:$R$24)} -> 3 | V10: {=RANK(S10,$S$4:$S$24)} -> 3
A11: 김태양 | B11: 16 | C11: {=F11/E11} -> 0.28125 | D11: 36 | E11: 32 | F11: 9 | G11: 8 | H11: 1 | I11: 0 | J11: 0 | K11: 10 | L11: 9 | M11: 8 | N11: 4 | O11: 8 | P11: {=O11/D11} -> 0.22222222 | Q11: {=(G11*1+H11*2+I11*3+J11*4)/E11} -> 0.3125 | R11: {=(F11+N11)/D11} -> 0.36111111 | S11: {=R11+Q11} -> 0.67361111 | T11: {=O11/(D11-(F11+N11))} -> 0.34782609 | U11: {=RANK(R11,$R$4:$R$24)} -> 16 | V11: {=RANK(S11,$S$4:$S$24)} -> 13
A12: 김현철 | B12: 5 | C12: {=F12/E12} -> 0.16666667 | D12: 9 | E12: 6 | F12: 1 | G12: 1 | H12: 0 | I12: 0 | J12: 0 | K12: 1 | L12: 1 | M12: 1 | N12: 0 | O12: 1 | P12: {=O12/D12} -> 0.11111111 | Q12: {=(G12*1+H12*2+I12*3+J12*4)/E12} -> 0.16666667 | R12: {=(F12+N12)/D12} -> 0.11111111 | S12: {=R12+Q12} -> 0.27777778 | T12: {=O12/(D12-(F12+N12))} -> 0.125 | U12: {=RANK(R12,$R$4:$R$24)} -> 19 | V12: {=RANK(S12,$S$4:$S$24)} -> 19
A13: 김형준 | B13: 24 | C13: {=F13/E13} -> 0.51923077 | D13: 58 | E13: 52 | F13: 27 | G13: 12 | H13: 13 | I13: 1 | J13: 1 | K13: 18 | L13: 23 | M13: 8 | N13: 5 | O13: 5 | P13: {=O13/D13} -> 0.086206897 | Q13: {=(G13*1+H13*2+I13*3+J13*4)/E13} -> 0.86538462 | R13: {=(F13+N13)/D13} -> 0.55172414 | S13: {=R13+Q13} -> 1.4171088 | T13: {=O13/(D13-(F13+N13))} -> 0.19230769 | U13: {=RANK(R13,$R$4:$R$24)} -> 5 | V13: {=RANK(S13,$S$4:$S$24)} -> 1
A14: 김희제 | B14: 14 | C14: {=F14/E14} -> 0.16666667 | D14: 33 | E14: 24 | F14: 4 | G14: 3 | H14: 0 | I14: 1 | J14: 0 | K14: 10 | L14: 2 | M14: 5 | N14: 9 | O14: 11 | P14: {=O14/D14} -> 0.33333333 | Q14: {=(G14*1+H14*2+I14*3+J14*4)/E14} -> 0.25 | R14: {=(F14+N14)/D14} -> 0.39393939 | S14: {=R14+Q14} -> 0.64393939 | T14: {=O14/(D14-(F14+N14))} -> 0.55 | U14: {=RANK(R14,$R$4:$R$24)} -> 13 | V14: {=RANK(S14,$S$4:$S$24)} -> 14
A15: 남동수 | B15: 8 | C15: {=F15/E15} -> 0.15384615 | D15: 20 | E15: 13 | F15: 2 | G15: 2 | H15: 0 | I15: 0 | J15: 0 | K15: 3 | L15: 4 | M15: 1 | N15: 4 | O15: 7 | P15: {=O15/D15} -> 0.35 | Q15: {=(G15*1+H15*2+I15*3+J15*4)/E15} -> 0.15384615 | R15: {=(F15+N15)/D15} -> 0.3 | S15: {=R15+Q15} -> 0.45384615 | T15: {=O15/(D15-(F15+N15))} -> 0.5 | U15: {=RANK(R15,$R$4:$R$24)} -> 17 | V15: {=RANK(S15,$S$4:$S$24)} -> 17
... A24: 차현철 | B24: 7 | C24: {=F24/E24} -> 0.090909091 | D24: 16 | E24: 11 | F24: 1 | G24: 1 | H24: 0 | I24: 0 | J24: 0 | K24: 3 | L24: 0 | M24: 2 | N24: 2 | O24: 3 | P24: {=O24/D24} -> 0.1875 | Q24: {=(G24*1+H24*2+I24*3+J24*4)/E24} -> 0.090909091 | R24: {=(F24+N24)/D24} -> 0.1875 | S24: {=R24+Q24} -> 0.27840909 | T24: {=O24/(D24-(F24+N24))} -> 0.23076923 | U24: {=RANK(R24,$R$4:$R$24)} -> 18 | V24: {=RANK(S24,$S$4:$S$24)} -> 18
A25: 총합 | C25: {=F25/E25} -> 0.37962963 | D25: {=SUM(D4:D24)} -> 810 | E25: {=SUM(E4:E24)} -> 648 | F25: {=SUM(F4:F24)} -> 246 | G25: {=SUM(G4:G24)} -> 181 | H25: {=SUM(H4:H24)} -> 49 | I25: {=SUM(I4:I24)} -> 12 | J25: {=SUM(J4:J24)} -> 4 | K25: {=SUM(K4:K24)} -> 239 | ... O25: {=SUM(O4:O24)} -> 146 | P25: {=O25/D25} -> 0.18024691 | Q25: {=(G25*1+H25*2+I25*3+J25*4)/E25} -> 0.51080247 | R25: {=(F25+N25)/D25} -> 0.48024691 | S25: {=R25+Q25} -> 0.99104938
A27: 2. 투수 기록
A28: 이름 | B28: 게임수 | C28: 승 | D28: 패 | E28: 세 | F28: 타자 | G28: 타수 | H28: 이닝 | I28: 피안타 | J28: 피홈런 | K28: 볼넷 | L28: 사구 | M28: 탈삼진 | N28: 실점 | O28: 자책점 | P28: 방어율 | Q28: 제구 | R28: 피안타율 | S28: 경기/이닝 | T28: 이닝/K | U28: 수비성공률 | V28: WHIP
A29: 권강현 | B29: 14 | C29: 1 | D29: 2 | E29: 0 | F29: 75 | G29: 40 | H29: 6.7 | I29: 15 | J29: 0 | K29: 31 | L29: 4 | M29: 4 | N29: 35 | O29: 19 | P29: {=O29*9/H29} -> 25.522388 | Q29: {=(K29+L29)/H29} -> 5.2238806 | R29: {=I29/H29} -> 2.238806 | S29: {=H29/B29} -> 0.47857143 | T29: {=M29/H29} -> 0.59701493 | U29: {=O29/N29} -> 0.54285714 | V29: {=(I29+K29+L29)/H29} -> 7.4626866
A30: 김민석 | B30: 1 | C30: 0 | D30: 0 | E30: 0 | F30: 1 | G30: 0 | H30: 0 | I30: 0 | J30: 0 | K30: 1 | L30: 0 | M30: 0 | N30: 0 | O30: 0 | P30: 0 | Q30: - | R30: - | S30: {=H30/B30} -> 0 | T30: - | U30: - | V30: -
A31: 김병진 | B31: 9 | C31: 1 | D31: 2 | E31: 0 | F31: 113 | G31: 85 | H31: 13 | I31: 33 | J31: 3 | K31: 23 | L31: 5 | M31: 11 | N31: 48 | O31: 32 | P31: {=O31*9/H31} -> 22.153846 | Q31: {=(K31+L31)/H31} -> 2.1538462 | R31: {=I31/H31} -> 2.5384615 | S31: {=H31/B31} -> 1.4444444 | T31: {=M31/H31} -> 0.84615385 | U31: {=O31/N31} -> 0.66666667 | V31: {=(I31+K31+L31)/H31} -> 4.6923077
A32: 김형준 | B32: 19 | C32: 3 | D32: 3 | E32: 1 | F32: 151 | G32: 127 | H32: 27.333 | I32: 39 | J32: 0 | K32: 20 | L32: 4 | M32: 39 | N32: 36 | O32: 19 | P32: {=O32*9/H32} -> 6.2561739 | Q32: {=(K32+L32)/H32} -> 0.87805949 | R32: {=I32/H32} -> 1.4268467 | S32: {=H32/B32} -> 1.4385789 | T32: {=M32/H32} -> 1.4268467 | U32: {=O32/N32} -> 0.52777778 | V32: {=(I32+K32+L32)/H32} -> 2.3049062
A33: 류동현 | B33: 12 | C33: 0 | D33: 3 | E33: 0 | F33: 143 | G33: 101 | H33: 19 | I33: 41 | J33: 2 | K33: 38 | L33: 3 | M33: 21 | N33: 58 | O33: 41 | P33: {=O33*9/H33} -> 19.421053 | Q33: {=(K33+L33)/H33} -> 2.1578947 | R33: {=I33/H33} -> 2.1578947 | S33: {=H33/B33} -> 1.5833333 | T33: {=M33/H33} -> 1.1052632 | U33: {=O33/N33} -> 0.70689655 | V33: {=(I33+K33+L33)/H33} -> 4.3157895
A34: 박영준 | B34: 1 | C34: 0 | D34: 0 | E34: 0 | F34: 3 | G34: 2 | H34: 1 | I34: 1 | J34: 0 | K34: 1 | L34: 0 | M34: 1 | N34: 0 | O34: 0 | P34: 0 | Q34: {=(K34+L34)/H34} -> 1 | R34: {=I34/H34} -> 1 | S34: {=H34/B34} -> 1 | T34: {=M34/H34} -> 1 | U34: - | V34: {=(I34+K34+L34)/H34} -> 2
A35: 임지헌 | B35: 6 | C35: 2 | D35: 2 | E35: 0 | F35: 97 | G35: 53 | H35: 12.999967 | I35: 16 | J35: 1 | K35: 43 | L35: 0 | M35: 13 | N35: 35 | O35: 21 | P35: {=O35*9/H35} -> 14.538499 | Q35: {=(K35+L35)/H35} -> 3.3077008 | R35: {=I35/H35} -> 1.2307724 | S35: {=H35/B35} -> 2.1666611 | T35: {=M35/H35} -> 1.0000026 | U35: {=O35/N35} -> 0.6 | V35: {=(I35+K35+L35)/H35} -> 4.5384732
A36: 조태형 | B36: 24 | C36: 5 | D36: 8 | E36: 3 | F36: 390 | G36: 284 | H36: 54.999967 | I36: 102 | J36: 1 | K36: 90 | L36: 15 | M36: 86 | N36: 141 | O36: 95 | P36: {=O36*9/H36} -> 15.545464 | Q36: {=(K36+L36)/H36} -> 1.9090921 | R36: {=I36/H36} -> 1.8545466 | S36: {=H36/B36} -> 2.2916653 | T36: {=M36/H36} -> 1.5636373 | U36: {=O36/N36} -> 0.67375887 | V36: {=(I36+K36+L36)/H36} -> 3.7636386
A37: 총합 | B37: {=SUM(B29:B36)} -> 86 | C37: {=SUM(C29:C36)} -> 12 | D37: {=SUM(D29:D36)} -> 20 | E37: {=SUM(E29:E36)} -> 4 | F37: {=SUM(F29:F36)} -> 973 | G37: {=SUM(G29:G36)} -> 692 | H37: {=SUM(H29:H36)} -> 135.03293 | I37: {=SUM(I29:I36)} -> 247 | ... O37: {=SUM(O29:O36)} -> 227 | P37: {=O37*9/H37} -> 15.129642 | Q37: {=(K37+L37)/H37} -> 2.058757 | R37: {=I37/H37} -> 1.8291834 | S37: {=H37/B37} -> 1.5701504 | T37: {=M37/H37} -> 1.2959801 | U37: {=O37/N37} -> 0.64305949 | V37: {=(I37+K37+L37)/H37} -> 3.8879404

Sheet 통산 성적(~'25)
A1: ◎ 라스칼 통산 성적 (~'25 Season)
A2: 1. 타자 기록 | X2: 전년 대비
A3: 이름 | B3: 게임수 | C3: 타율 | D3: 타석 | E3: 타수 | F3: 안타 | G3: 1루타 | H3: 2루타 | I3: 3루타 | J3: 홈런 | K3: 득점 | L3: 타점 | M3: 도루 | N3: 사사구 | O3: 삼진 | P3: 삼진률 | Q3: 장타율 | R3: 출루율 | S3: OPS | T3: 아웃 比 삼진률 | U3: 출루율 등수 | V3: OPS 등수 | X3: 타율 | Y3: 삼진률 | Z3: 장타율 | AA3: 출루율 | AB3: OPS | AD3: 타석 | AE3: 타수
A4: 권강현 | B4: 36 | C4: {=F4/E4} -> 0.46268657 | D4: 81 | E4: 67 | F4: 31 | G4: 22 | H4: 4 | I4: 3 | J4: 2 | K4: 43 | L4: 26 | M4: 39 | N4: 11 | O4: 15 | P4: {=O4/D4} -> 0.18518519 | Q4: {=(G4*1+H4*2+I4*3+J4*4)/E4} -> 0.70149254 | R4: {=(F4+N4)/D4} -> 0.51851852 | S4: {=R4+Q4} -> 1.2200111 | T4: {=O4/(D4-(F4+N4))} -> 0.38461538 | U4: {=RANK(R4,$R$4:$R$26)} -> 7 | V4: {=RANK(S4,$S$4:$S$26)} -> 4 | X4: 0.46268657 | Y4: -0.81481481 | Z4: 0.70149254 | AA4: 0.51851852 | AB4: 1.2200111 | AD4: 60 | AE4: 51 | AG4: {=AB4*AD4} -> 73.200663 | AH4: {=X4*AE4} -> 23.597015
A5: 권혁진 | B5: 46 | C5: {=F5/E5} -> 0.39240506 | D5: 113 | E5: 79 | F5: 31 | G5: 15 | H5: 13 | I5: 2 | J5: 1 | K5: 38 | L5: 32 | M5: 23 | N5: 30 | O5: 20 | P5: {=O5/D5} -> 0.17699115 | Q5: {=(G5*1+H5*2+I5*3+J5*4)/E5} -> 0.64556962 | R5: {=(F5+N5)/D5} -> 0.53982301 | S5: {=R5+Q5} -> 1.1853926 | T5: {=O5/(D5-(F5+N5))} -> 0.38461538 | U5: {=RANK(R5,$R$4:$R$26)} -> 5 | V5: {=RANK(S5,$S$4:$S$26)} -> 5 | X5: 0.15711095 | Y5: -0.028891202 | Z5: 0.4102755 | AA5: -0.048412285 | AB5: 0.37793921 | AD5: 109 | AE5: 75 | AG5: {=AB5*AD5} -> 41.195374 | AH5: {=X5*AE5} -> 11.783321
A6: 김기태 | B6: 66 | C6: {=F6/E6} -> 0.54037267 | D6: 192 | E6: 161 | F6: 87 | G6: 59 | H6: 22 | I6: 5 | J6: 1 | K6: 75 | L6: 80 | M6: 50 | N6: 29 | O6: 12 | P6: {=O6/D6} -> 0.0625 | Q6: {=(G6*1+H6*2+I6*3+J6*4)/E6} -> 0.75776398 | R6: {=(F6+N6)/D6} -> 0.60416667 | S6: {=R6+Q6} -> 1.3619306 | T6: {=O6/(D6-(F6+N6))} -> 0.15789474 | U6: {=RANK(R6,$R$4:$R$26)} -> 1 | V6: {=RANK(S6,$S$4:$S$26)} -> 1 | X6: -0.0096273292 | Y6: -0.0016025641 | Z6: 0.024430642 | AA6: -0.024038462 | AB6: 0.26693064 | AD6: 176 | AE6: 150 | AG6: {=AB6*AD6} -> 46.979793 | AH6: {=X6*AE6} -> -1.4440994
A7: 김민석 | B7: 15 | C7: {=F7/E7} -> 0.33333333 | D7: 31 | E7: 24 | F7: 8 | G7: 6 | H7: 1 | I7: 1 | J7: 0 | K7: 11 | L7: 11 | M7: 9 | N7: 7 | O7: 8 | P7: {=O7/D7} -> 0.25806452 | Q7: {=(G7*1+H7*2+I7*3+J7*4)/E7} -> 0.45833333 | R7: {=(F7+N7)/D7} -> 0.48387097 | S7: {=R7+Q7} -> 0.9422043 | T7: {=O7/(D7-(F7+N7))} -> 0.5 | U7: {=RANK(R7,$R$4:$R$26)} -> 10 | V7: {=RANK(S7,$S$4:$S$26)} -> 11 | X7: 0.33333333 | Y7: 0.25806452 | Z7: 0.45833333 | AA7: 0.48387097 | AB7: 0.9422043 | AD7: 11 | AE7: 11 | AG7: {=AB7*AD7} -> 10.364247 | AH7: {=X7*AE7} -> 3.6666667
A8: 김범희 | B8: 53 | C8: {=F8/E8} -> 0.37755102 | D8: 128 | E8: 98 | F8: 37 | G8: 26 | H8: 7 | I8: 3 | J8: 1 | K8: 41 | L8: 36 | M8: 21 | N8: 28 | O8: 25 | P8: {=O8/D8} -> 0.1953125 | Q8: {=(G8*1+H8*2+I8*3+J8*4)/E8} -> 0.54081633 | R8: {=(F8+N8)/D8} -> 0.5078125 | S8: {=R8+Q8} -> 1.0486288 | T8: {=O8/(D8-(F8+N8))} -> 0.3968254 | U8: {=RANK(R8,$R$4:$R$26)} -> 8 | V8: {=RANK(S8,$S$4:$S$26)} -> 8 | X8: 0.010884354 | Y8: 0.0086458333 | Z8: -0.0091836735 | AA8: 0.0278125 | AB8: 0.051930713 | AD8: 34 | AE8: 22 | AG8: {=AB8*AD8} -> 1.7656443 | AH8: {=X8*AE8} -> 0.23945578
A9: 김병진 | B9: 35 | C9: {=F9/E9} -> 0.3 | D9: 78 | E9: 70 | F9: 21 | G9: 17 | H9: 4 | I9: 0 | J9: 0 | K9: 20 | L9: 13 | M9: 24 | N9: 12 | O9: 23 | P9: {=O9/D9} -> 0.29487179 | Q9: {=(G9*1+H9*2+I9*3+J9*4)/E9} -> 0.35714286 | R9: {=(F9+N9)/D9} -> 0.42307692 | S9: {=R9+Q9} -> 0.78021978 | T9: {=O9/(D9-(F9+N9))} -> 0.51111111 | U9: {=RANK(R9,$R$4:$R$26)} -> 18 | V9: {=RANK(S9,$S$4:$S$26)} -> 18 | X9: 0.074193548 | Y9: -0.099865047 | Z9: 0.099078341 | AA9: 0.05465587 | AB9: 0.26232504
A10: 김상훈 | B10: 22 | C10: {=F10/E10} -> 0.43137255 | D10: 62 | E10: 51 | F10: 22 | G10: 17 | H10: 5 | I10: 0 | J10: 0 | K10: 15 | L10: 19 | M10: 18 | N10: 11 | O10: 3 | P10: {=O10/D10} -> 0.048387097 | Q10: {=(G10*1+H10*2+I10*3+J10*4)/E10} -> 0.52941176 | R10: {=(F10+N10)/D10} -> 0.53225806 | S10: {=R10+Q10} -> 1.0616698 | T10: {=O10/(D10-(F10+N10))} -> 0.10344828 | U10: {=RANK(R10,$R$4:$R$26)} -> 6 | V10: {=RANK(S10,$S$4:$S$26)} -> 7 | X10: -0.081785346 | Y10: -0.036719286 | Z10: -0.19427245 | AA10: -0.052848318 | AB10: -0.43833017
A11: 김재영 | B11: 72 | C11: {=F11/E11} -> 0.51851852 | D11: 205 | E11: 162 | F11: 84 | G11: 63 | H11: 13 | I11: 9 | J11: 1 | K11: 85 | L11: 58 | M11: 95 | N11: 37 | O11: 17 | P11: {=O11/D11} -> 0.082926829 | Q11: {=(G11*1+H11*2+I11*3+J11*4)/E11} -> 0.74074074 | R11: {=(F11+N11)/D11} -> 0.5902439 | S11: {=R11+Q11} -> 1.3309846 | T11: {=O11/(D11-(F11+N11))} -> 0.20238095 | U11: {=RANK(R11,$R$4:$R$26)} -> 2 | V11: {=RANK(S11,$S$4:$S$26)} -> 2 | X11: 0.0053606238 | Y11: -0.0021795537 | Z11: 0.01705653 | AA11: 0.0051375195 | AB11: -0.16901536 | AD11: 158 | AE11: 126 | AG11: {=AB11*AD11} -> -26.704426 | AH11: {=X11*AE11} -> 0.6754386
A12: 김태양 | B12: 50 | C12: {=F12/E12} -> 0.33663366 | D12: 121 | E12: 101 | F12: 34 | G12: 31 | H12: 3 | I12: 0 | J12: 0 | K12: 41 | L12: 25 | M12: 28 | N12: 20 | O12: 22 | P12: {=O12/D12} -> 0.18181818 | Q12: {=(G12*1+H12*2+I12*3+J12*4)/E12} -> 0.36633663 | R12: {=(F12+N12)/D12} -> 0.44628099 | S12: {=R12+Q12} -> 0.81261763 | T12: {=O12/(D12-(F12+N12))} -> 0.32835821 | U12: {=RANK(R12,$R$4:$R$26)} -> 14 | V12: {=RANK(S12,$S$4:$S$26)} -> 17 | X12: 0.055383663 | Y12: -0.04040404 | Z12: 0.053836634 | AA12: 0.085169881 | AB12: 0.22255551
A13: 김현철 | B13: 28 | C13: {=F13/E13} -> 0.34210526 | D13: 56 | E13: 38 | F13: 13 | G13: 10 | H13: 2 | I13: 1 | J13: 0 | K13: 21 | L13: 11 | M13: 15 | N13: 11 | O13: 4 | P13: {=O13/D13} -> 0.071428571 | Q13: {=(G13*1+H13*2+I13*3+J13*4)/E13} -> 0.44736842 | R13: {=(F13+N13)/D13} -> 0.42857143 | S13: {=R13+Q13} -> 0.87593985 | T13: {=O13/(D13-(F13+N13))} -> 0.125 | U13: {=RANK(R13,$R$4:$R$26)} -> 16 | V13: {=RANK(S13,$S$4:$S$26)} -> 14 | X13: 0.1754386 | Y13: -0.03968254 | Z13: 0.28070175 | AA13: 0.31746032 | AB13: 0.59816207 | AD13: -15 | AE13: -25 | AG13: {=AB13*AD13} -> -8.9724311 | AH13: {=X13*AE13} -> -4.3859649
A14: 김형준 | B14: 54 | C14: {=F14/E14} -> 0.48760331 | D14: 145 | E14: 121 | F14: 59 | G14: 35 | H14: 21 | I14: 2 | J14: 1 | K14: 45 | L14: 51 | M14: 22 | N14: 23 | O14: 6 | P14: {=O14/D14} -> 0.04137931 | Q14: {=(G14*1+H14*2+I14*3+J14*4)/E14} -> 0.71900826 | R14: {=(F14+N14)/D14} -> 0.56551724 | S14: {=R14+Q14} -> 1.2845255 | T14: {=O14/(D14-(F14+N14))} -> 0.095238095 | U14: {=RANK(R14,$R$4:$R$26)} -> 3 | V14: {=RANK(S14,$S$4:$S$26)} -> 3 | X14: -0.031627463 | Y14: -0.044827586 | Z14: -0.14637635 | AA14: 0.013793103 | AB14: -0.12733347 | AD14: 67 | AE14: 61 | AG14: {=AB14*AD14} -> -8.5313424 | AH14: {=X14*AE14} -> -1.9292753
A15: 남동수 | B15: 47 | C15: {=F15/E15} -> 0.27058824 | D15: 115 | E15: 85 | F15: 23 | G15: 20 | H15: 3 | I15: 0 | J15: 0 | K15: 27 | L15: 24 | M15: 18 | N15: 25 | O15: 33 | P15: {=O15/D15} -> 0.28695652 | Q15: {=(G15*1+H15*2+I15*3+J15*4)/E15} -> 0.30588235 | R15: {=(F15+N15)/D15} -> 0.4173913 | S15: {=R15+Q15} -> 0.72327366 | T15: {=O15/(D15-(F15+N15))} -> 0.49253731 | U15: {=RANK(R15,$R$4:$R$26)} -> 19 | V15: {=RANK(S15,$S$4:$S$26)} -> 20 | X15: 0.11674208 | Y15: -0.063043478 | Z15: 0.1520362 | AA15: 0.1173913 | AB15: 0.2694275 | AD15: 40 | AE15: 25 | AG15: {=AB15*AD15} -> 10.7771 | AH15: {=X15*AE15} -> 2.918552
A16: 류동현 | B16: 45 | C16: {=F16/E16} -> 0.35211268 | D16: 84 | E16: 71 | F16: 25 | G16: 18 | H16: 7 | I16: 0 | J16: 0 | K16: 24 | L16: 25 | M16: 16 | N16: 12 | O16: 13 | P16: {=O16/D16} -> 0.1547619 | Q16: {=(G16*1+H16*2+I16*3+J16*4)/E16} -> 0.45070423 | R16: {=(F16+N16)/D16} -> 0.44047619 | S16: {=R16+Q16} -> 0.89118042 | T16: {=O16/(D16-(F16+N16))} -> 0.27659574 | U16: {=RANK(R16,$R$4:$R$26)} -> 15 | V16: {=RANK(S16,$S$4:$S$26)} -> 13 | X16: -0.022887324 | Y16: 0.011904762 | Z16: -0.049295775 | AA16: -0.083333333 | AB16: -0.053264029 | AD16: 48 | AE16: 39 | AG16: {=AB16*AD16} -> -2.5566734 | AH16: {=X16*AE16} -> -0.89260563
A17: 박영준 | B17: 43 | C17: {=F17/E17} -> 0.37078652 | D17: 117 | E17: 89 | F17: 33 | G17: 26 | H17: 3 | I17: 4 | J17: 0 | K17: 37 | L17: 18 | M17: 35 | N17: 26 | O17: 19 | P17: {=O17/D17} -> 0.16239316 | Q17: {=(G17*1+H17*2+I17*3+J17*4)/E17} -> 0.49438202 | R17: {=(F17+N17)/D17} -> 0.5042735 | S17: {=R17+Q17} -> 0.99865553 | T17: {=O17/(D17-(F17+N17))} -> 0.32758621 | U17: {=RANK(R17,$R$4:$R$26)} -> 9 | V17: {=RANK(S17,$S$4:$S$26)} -> 9 | X17: 0.070786517 | Y17: -0.17094017 | Z17: 0.094382022 | AA17: 0.087606838 | AB17: 0.18198886 | AD17: 59 | AE17: 37 | AG17: {=AB17*AD17} -> 10.737343 | AH17: {=X17*AE17} -> 2.6191011
A18: 박재현 | B18: 56 | C18: {=F18/E18} -> 0.40186916 | D18: 126 | E18: 107 | F18: 43 | G18: 35 | H18: 6 | I18: 1 | J18: 1 | K18: 29 | L18: 23 | M18: 15 | N18: 15 | O18: 19 | P18: {=O18/D18} -> 0.15079365 | Q18: {=(G18*1+H18*2+I18*3+J18*4)/E18} -> 0.5046729 | R18: {=(F18+N18)/D18} -> 0.46031746 | S18: {=R18+Q18} -> 0.96499036 | T18: {=O18/(D18-(F18+N18))} -> 0.27941176 | U18: {=RANK(R18,$R$4:$R$26)} -> 12 | V18: {=RANK(S18,$S$4:$S$26)} -> 10 | X18: -0.11425987 | Y18: -0.011368511 | Z18: -0.17274646 | AA18: -0.10725011 | AB18: -0.31834298 | AD18: 86 | AE18: 73 | AG18: {=AB18*AD18} -> -27.377496 | AH18: {=X18*AE18} -> -8.3409708
A19: 백정철 | B19: 39 | C19: {=F19/E19} -> 0.34117647 | D19: 105 | E19: 85 | F19: 29 | G19: 25 | H19: 1 | I19: 1 | J19: 2 | K19: 27 | L19: 32 | M19: 12 | N19: 16 | O19: 13 | P19: {=O19/D19} -> 0.12380952 | Q19: {=(G19*1+H19*2+I19*3+J19*4)/E19} -> 0.44705882 | R19: {=(F19+N19)/D19} -> 0.42857143 | S19: {=R19+Q19} -> 0.87563025 | T19: {=O19/(D19-(F19+N19))} -> 0.21666667 | U19: {=RANK(R19,$R$4:$R$26)} -> 16 | V19: {=RANK(S19,$S$4:$S$26)} -> 15 | X19: -0.041176471 | Y19: 0.023809524 | Z19: 0.064705882 | AA19: -0.021428571 | AB19: 0.16199389 | AD19: 81 | AE19: 66 | AG19: {=AB19*AD19} -> 13.121505 | AH19: {=X19*AE19} -> -2.7176471
A20: 윤태규 | B20: 9 | C20: {=F20/E20} -> 0.29411765 | D20: 20 | E20: 17 | F20: 5 | G20: 5 | H20: 0 | I20: 0 | J20: 0 | K20: 4 | L20: 2 | M20: 3 | N20: 2 | O20: 2 | P20: {=O20/D20} -> 0.1 | Q20: {=(G20*1+H20*2+I20*3+J20*4)/E20} -> 0.29411765 | R20: {=(F20+N20)/D20} -> 0.35 | S20: {=R20+Q20} -> 0.64411765 | T20: {=O20/(D20-(F20+N20))} -> 0.15384615 | U20: {=RANK(R20,$R$4:$R$26)} -> 22 | V20: {=RANK(S20,$S$4:$S$26)} -> 21 | AD20: -18 | AE20: -14 | AG20: {=AB20*AD20} -> 0 | AH20: {=X20*AE20} -> 0
A21: 이동진 | B21: 49 | C21: {=F21/E21} -> 0.225 | D21: 111 | E21: 80 | F21: 18 | G21: 12 | H21: 5 | I21: 1 | J21: 0 | K21: 30 | L21: 27 | M21: 28 | N21: 28 | O21: 24 | P21: {=O21/D21} -> 0.21621622 | Q21: {=(G21*1+H21*2+I21*3+J21*4)/E21} -> 0.3125 | R21: {=(F21+N21)/D21} -> 0.41441441 | S21: {=R21+Q21} -> 0.72691441 | T21: {=O21/(D21-(F21+N21))} -> 0.36923077 | U21: {=RANK(R21,$R$4:$R$26)} -> 20 | V21: {=RANK(S21,$S$4:$S$26)} -> 19 | X21: 0.030555556 | Y21: -0.14548591 | Z21: 0.0625 | AA21: 0.031435691 | AB21: 0.28684873 | AD21: 49 | AE21: 28 | AG21: {=AB21*AD21} -> 14.055588 | AH21: {=X21*AE21} -> 0.85555556
A22: 이철민 | B22: 62 | C22: {=F22/E22} -> 0.4609375 | D22: 150 | E22: 128 | F22: 59 | G22: 44 | H22: 13 | I22: 0 | J22: 2 | K22: 51 | L22: 47 | M22: 26 | N22: 22 | O22: 19 | P22: {=O22/D22} -> 0.12666667 | Q22: {=(G22*1+H22*2+I22*3+J22*4)/E22} -> 0.609375 | R22: {=(F22+N22)/D22} -> 0.54 | S22: {=R22+Q22} -> 1.149375 | T22: {=O22/(D22-(F22+N22))} -> 0.27536232 | U22: {=RANK(R22,$R$4:$R$26)} -> 4 | V22: {=RANK(S22,$S$4:$S$26)} -> 6 | X22: 0.032366071 | Y22: -0.014178404 | Z22: 0.06969246 | AA22: 0.047042254 | AB22: 0.21755682 | AD22: 149 | AE22: 127 | AG22: {=AB22*AD22} -> 32.415966 | AH22: {=X22*AE22} -> 4.1104911
A23: 임지헌 | B23: 40 | C23: {=F23/E23} -> 0.31818182 | D23: 89 | E23: 66 | F23: 21 | G23: 16 | H23: 5 | I23: 0 | J23: 0 | K23: 24 | L23: 17 | M23: 17 | N23: 21 | O23: 22 | P23: {=O23/D23} -> 0.24719101 | Q23: {=(G23*1+H23*2+I23*3+J23*4)/E23} -> 0.39393939 | R23: {=(F23+N23)/D23} -> 0.47191011 | S23: {=R23+Q23} -> 0.86584951 | T23: {=O23/(D23-(F23+N23))} -> 0.46808511 | U23: {=RANK(R23,$R$4:$R$26)} -> 11 | V23: {=RANK(S23,$S$4:$S$26)} -> 16 | X23: 0.0023923445 | Y23: 0.038857678 | Z23: 0.07814992 | AA23: 0.055243446 | AB23: 0.14362728 | AD23: 77 | AE23: 56 | AG23: {=AB23*AD23} -> 11.059301 | AH23: {=X23*AE23} -> 0.13397129
A24: 조태형 | B24: 52 | C24: {=F24/E24} -> 0.32038835 | D24: 131 | E24: 103 | F24: 33 | G24: 21 | H24: 10 | I24: 2 | J24: 0 | K24: 31 | L24: 26 | M24: 18 | N24: 27 | O24: 26 | P24: {=O24/D24} -> 0.19847328 | Q24: {=(G24*1+H24*2+I24*3+J24*4)/E24} -> 0.45631068 | R24: {=(F24+N24)/D24} -> 0.45801527 | S24: {=R24+Q24} -> 0.91432595 | T24: {=O24/(D24-(F24+N24))} -> 0.36619718 | U24: {=RANK(R24,$R$4:$R$26)} -> 13 | V24: {=RANK(S24,$S$4:$S$26)} -> 12 | X24: -0.044996266 | Y24: 0.0049248953 | Z24: -0.06292009 | AA24: -0.0097266683 | AB24: 0.15993998 | AD24: 122 | AE24: 97 | AG24: {=AB24*AD24} -> 19.512678 | AH24: {=X24*AE24} -> -4.3646378
A25: 주혁진 | B25: 1 | C25: {=F25/E25} -> 0 | D25: 2 | E25: 2 | F25: 0 | G25: 0 | H25: 0 | I25: 0 | J25: 0 | K25: 0 | L25: 0 | M25: 0 | N25: 0 | O25: 1 | P25: {=O25/D25} -> 0.5 | Q25: {=(G25*1+H25*2+I25*3+J25*4)/E25} -> 0 | R25: {=(F25+N25)/D25} -> 0 | S25: {=R25+Q25} -> 0 | T25: {=O25/(D25-(F25+N25))} -> 0.5 | U25: {=RANK(R25,$R$4:$R$26)} -> 23 | V25: {=RANK(S25,$S$4:$S$26)} -> 23 | AD25: -32 | AE25: -15 | AG25: {=AB25*AD25} -> 0 | AH25: {=X25*AE25} -> 0
A26: 차현철 | B26: 22 | C26: {=F26/E26} -> 0.22222222 | D26: 56 | E26: 36 | F26: 8 | G26: 8 | H26: 0 | I26: 0 | J26: 0 | K26: 16 | L26: 5 | M26: 6 | N26: 13 | O26: 9 | P26: {=O26/D26} -> 0.16071429 | Q26: {=(G26*1+H26*2+I26*3+J26*4)/E26} -> 0.22222222 | R26: {=(F26+N26)/D26} -> 0.375 | S26: {=R26+Q26} -> 0.59722222 | T26: {=O26/(D26-(F26+N26))} -> 0.25714286 | U26: {=RANK(R26,$R$4:$R$26)} -> 21 | V26: {=RANK(S26,$S$4:$S$26)} -> 22 | X26: 0.13131313 | Y26: -0.026785714 | Z26: 0.13131313 | AA26: 0.1875 | AB26: 0.31881313 | AD26: 19 | AE26: 5 | AG26: {=AB26*AD26} -> 6.0574495 | AH26: {=X26*AE26} -> 0.65656566
A27: 총합 | C27: {=F27/E27} -> 0.39326453 | D27: {=SUM(D4:D26)} -> 2318 | E27: {=SUM(E4:E26)} -> 1841 | F27: {=SUM(F4:F26)} -> 724 | G27: {=SUM(G4:G26)} -> 531 | H27: {=SUM(H4:H26)} -> 148 | I27: {=SUM(I4:I26)} -> 35 | J27: {=SUM(J4:J26)} -> 12 | K27: {=SUM(K4:K26)} -> 735 | ... O27: {=SUM(O4:O26)} -> 355 | P27: {=O27/D27} -> 0.15314927 | Q27: {=(G27*1+H27*2+I27*3+J27*4)/E27} -> 0.53231939 | R27: {=(F27+N27)/D27} -> 0.49611734 | S27: {=R27+Q27} -> 1.0284367 | X27: 0.013634901 | Y27: -0.0335174 | Z27: -0.017680608 | AA27: 0.016117343 | AB27: 0.031738621
A29: 2. 투수 기록
A30: 이름 | B30: 게임수 | C30: 승 | D30: 패 | E30: 세 | F30: 타자 | G30: 타수 | H30: 이닝 | I30: 피안타 | J30: 피홈런 | K30: 볼넷 | L30: 사구 | M30: 탈삼진 | N30: 실점 | O30: 자책점 | P30: 방어율 | Q30: 이닝당 사사구 | R30: 피안타율 | S30: 경기/이닝 | T30: 이닝/K | U30: 수비성공률 | V30: WHIP | X30: 이닝 | Y30: 피안타율 | Z30: 이닝 당 사사구 | AA30: 이닝 당 삼진 | AB30: WHIP
A31: 권강현 | B31: 26 | C31: 4 | D31: 2 | E31: 0 | F31: 280 | G31: 189 | H31: 36.99966 | I31: 71 | J31: 1 | K31: 76 | L31: 13 | M31: 28 | N31: 104 | O31: 73 | P31: {=O31*9/H31} -> 17.75692 | Q31: {=(K31+L31)/H31} -> 2.4054275 | R31: {=I31/H31} -> 1.9189366 | S31: {=H31/B31} -> 1.4230638 | T31: {=M31/H31} -> 0.75676371 | U31: {=O31/N31} -> 0.70192308 | V31: {=(I31+K31+L31)/H31} -> 4.3243641
A32: 김민석 | B32: 9 | C32: 4 | D32: 2 | E32: 0 | F32: 119 | G32: 103 | H32: 25 | I32: 25 | J32: 0 | K32: 13 | L32: 2 | M32: 29 | N32: 24 | O32: 11 | P32: 0 | Q32: - | R32: - | S32: {=H32/B32} -> 2.7777778 | T32: - | V32: - | X32: -29.999967 | Z32: -1.3090921 | AA32: 1.9000021
A33: 김병진 | B33: 24 | C33: 4 | D33: 8 | E33: 0 | F33: 298 | G33: 215 | H33: 35.666633 | I33: 77 | J33: 4 | K33: 69 | L33: 12 | M33: 42 | N33: 130 | O33: 78 | P33: {=O33*9/H33} -> 19.682262 | Q33: {=(K33+L33)/H33} -> 2.2710302 | R33: {=I33/H33} -> 2.1588805 | S33: {=H33/B33} -> 1.4861097 | T33: {=M33/H33} -> 1.1775712 | U33: {=O33/N33} -> 0.6 | V33: {=(I33+K33+L33)/H33} -> 4.4299107 | X33: - | Y33: -0.379581 | Z33: 53 | AA33: 31 | AB33: -0.26239697
A34: 김형준 | B34: 42 | C34: 13 | D34: 8 | E34: 2 | F34: 569 | G34: 467 | H34: 99.999933 | I34: 141 | J34: 2 | K34: 89 | L34: 18 | M34: 132 | N34: 151 | O34: 95 | P34: {=O34*9/H34} -> 8.5500057 | Q34: {=(K34+L34)/H34} -> 1.0700007 | R34: {=I34/H34} -> 1.4100009 | S34: {=H34/B34} -> 2.3809508 | T34: {=M34/H34} -> 1.3200009 | U34: {=O34/N34} -> 0.62913907 | V34: {=(I34+K34+L34)/H34} -> 2.4800017 | X34: - | Y34: -0.82880503 | Z34: 1 | AA34: 128 | AB34: -4.9826849
A35: 남동수 | B35: 8 | C35: 0 | D35: 0 | E35: 0 | F35: 63 | G35: 50 | H35: 9.6666666 | I35: 20 | J35: 0 | K35: 11 | L35: 2 | M35: 10 | N35: 22 | O35: 19 | P35: {=O35*9/H35} -> 17.689655 | Q35: - | R35: - | S35: - | T35: - | V35: - | X35: -3.3333 | Z35: -1.9628732 | AA35: 0.90000899
A36: 류동현 | B36: 26 | C36: 3 | D36: 7 | E36: 0 | F36: 275 | G36: 196 | H36: 33.333259 | I36: 80 | J36: 2 | K36: 66 | L36: 13 | M36: 40 | N36: 121 | O36: 92 | P36: {=O36*9/H36} -> 24.840055 | Q36: {=(K36+L36)/H36} -> 2.3700053 | R36: {=I36/H36} -> 2.4000053 | S36: {=H36/B36} -> 1.2820484 | T36: {=M36/H36} -> 1.2000027 | U36: {=O36/N36} -> 0.76033058 | V36: {=(I36+K36+L36)/H36} -> 4.7700106 | X36: 6.0002593 | Y36: 0.97315866 | Z36: 1.4919458 | AA36: 0.16665946 | AB36: 2.4651044
A37: 박영준 | B37: 12 | C37: 2 | D37: 3 | E37: 0 | F37: 178 | G37: 128 | H37: 23.666633 | I37: 66 | J37: 1 | K37: 36 | L37: 10 | M37: 27 | N37: 78 | O37: 63 | P37: {=O37*9/H37} -> 23.957781 | Q37: {=(K37+L37)/H37} -> 1.9436648 | R37: {=I37/H37} -> 2.7887364 | S37: {=H37/B37} -> 1.9722194 | T37: {=M37/H37} -> 1.1408467 | U37: {=O37/N37} -> 0.80769231 | V37: {=(I37+K37+L37)/H37} -> 4.7324012
A38: 이동진 | B38: 5 | C38: 0 | D38: 2 | E38: 0 | F38: 54 | G38: 43 | H38: 5 | I38: 26 | J38: 2 | K38: 8 | L38: 3 | M38: 6 | N38: 31 | O38: 23 | P38: {=O38*9/H38} -> 41.4 | Q38: - | R38: - | S38: - | T38: - | U38: {=O38/N38} -> 0.74193548 | V38: - | X38: 4 | Z38: 1.2 | AA38: 1.25
A39: 이철민 | B39: 0 | C39: 0 | D39: 0 | E39: 0 | F39: 0 | G39: 0 | H39: 0 | I39: 0 | J39: 0 | K39: 0 | L39: 0 | M39: 0 | N39: 0 | O39: 0
A40: 임지헌 | B40: 8 | C40: 2 | D40: 2 | E40: 1 | F40: 102 | G40: 55 | H40: 13.666633 | I40: 16 | J40: 1 | K40: 45 | L40: 1 | M40: 13 | N40: 36 | O40: 21 | P40: {=O40*9/H40} -> 13.829302 | Q40: {=(K40+L40)/H40} -> 3.3658619 | R40: {=I40/H40} -> 1.1707346 | S40: {=H40/B40} -> 1.7083292 | T40: {=M40/H40} -> 0.95122183 | U40: {=O40/N40} -> 0.58333333 | V40: {=(I40+K40+L40)/H40} -> 4.5365964 | X40: -5.3333667 | Y40: -0.98716017 | Z40: 1.2079671 | AA40: 1.4999906 | AB40: 0.22080696
A41: 조태형 | B41: 38 | C41: 8 | D41: 11 | E41: 3 | F41: 550 | G41: 397 | H41: 81.666633 | I41: 133 | J41: 1 | K41: 123 | L41: 25 | M41: 131 | N41: 183 | O41: 130 | P41: {=O41*9/H41} -> 14.326537 | Q41: {=(K41+L41)/H41} -> 1.8122456 | R41: {=I41/H41} -> 1.6285721 | S41: {=H41/B41} -> 2.1491219 | T41: {=M41/H41} -> 1.6040823 | U41: {=O41/N41} -> 0.71038251 | V41: {=(I41+K41+L41)/H41} -> 3.4408177 | X41: - | Y41: - | Z41: - | AA41: - | AB41: -
A42: 총합 | B42: {=SUM(B31:B41)} -> 198 | C42: {=SUM(C31:C41)} -> 40 | D42: {=SUM(D31:D41)} -> 45 | E42: {=SUM(E31:E41)} -> 6 | F42: {=SUM(F31:F41)} -> 2488 | G42: {=SUM(G31:G41)} -> 1843 | H42: {=SUM(H31:H41)} -> 364.66605 | I42: {=SUM(I31:I41)} -> 655 | ... O42: {=SUM(O31:O41)} -> 605 | P42: {=O42*9/H42} -> 14.931469 | Q42: {=(K42+L42)/H42} -> 1.7413192 | R42: {=I42/H42} -> 1.7961639 | S42: {=H42/B42} -> 1.8417477 | T42: {=M42/H42} -> 1.2559436 | U42: {=O42/N42} -> 0.6875 | V42: {=(I42+K42+L42)/H42} -> 3.5374831
G45: 구분 | H45: 22년 | I45: 23년 | J45: 24년 | K45: 통산
G46: 권강현 | I46: 43.661972 | J46: {=(K31+L31)/F31*100} -> 31.785714 | K46: 45.56962
G47: 김민석
G48: 김병진 | I48: 24.778761 | J48: {=(K33+L33)/F33*100} -> 27.181208 | K48: 25
G49: 김형준 | H49: 16.666667 | I49: 15.652174 | J49: {=(K34+L34)/F34*100} -> 18.804921 | K49: 17.434211
G50: 남동수 | J50: {=(K35+L35)/F35*100} -> 20.634921 | K50: 66.666667
G51: 류동현 | H51: 37.5 | I51: 27.559055 | J51: {=(K36+L36)/F36*100} -> 28.727273 | K51: 30.882353
G52: 박영준 | I52: 33.333333 | J52: {=(K37+L37)/F37*100} -> 25.842697 | K52: 26.548673
G53: 이동진 | J53: {=(K38+L38)/F38*100} -> 20.37037 | K53: 19.230769
G54: 임지헌 | H54: 38.636364 | I54: 49.056604 | J54: {=(K40+L40)/F40*100} -> 45.098039 | K54: 44.444444
G55: 조태형 | H55: 29.444444 | I55: 24.761905 | J55: {=(K41+L41)/F41*100} -> 26.909091 | K55: 27.42616

Sheet 시즌별 정리
A1: ◎ 라스칼 통산 성적
A2: 1. 리그별 타율
A3: 이름 | B3: 22년 | C3: 23년 | F3: 24년 | J3: 25년
B4: 上샘프 | C4: 下드림즈 | D4: 上코모도 | E4: 上디비전 | F4: 下서구 | G4: 下코모도 | H4: 上코모도 (6부-B) | I4: 上디비전 | J4: 下코모도 (6부C+A) | K4: 上코모도 (6부-BB) | L4: 디비전
A5: 권강현 | F5: 0.25 | I5: 0.090909091 | J5: 0.54545455 | K5: 0.33333333 | N5: 규정 타석 미달
A6: 권혁진 | B6: 0 | C6: 0.5 | D6: 0 | F6: 0.25 | I6: 0 | J6: 0.11111111 | N6: 타율 0.300 미만
A7: 김기태 | B7: 0.75 | C7: 0.417 | D7: 0.474 | E7: 0.44444444 | F7: 0.61111111 | G7: 0.46666667 | H7: 0.6 | I7: 0.6 | J7: 0.61904762 | K7: 0.44444444 | N7: 타율 0.500 미만
A8: 김민석 | F8: 0 | N8: 타율 0.500 이상
A9: 김범희 | B9: 0.45 | C9: 0.455 | D9: 0.25 | E9: 0.33333333 | F9: 0 | G9: 0.5 | H9: 0.16666667 | I9: 0.5 | J9: 0.125 | K9: 0.61538462 | N9: 타율 0.700 이상
A10: 김병진 | B10: 0.333 | C10: 0.091 | D10: 0.2 | F10: 0.25 | H10: 0.5 | I10: 0.25 | J10: 0.41666667
A11: 김상훈 | J11: 0.22222222
A12: 김재영 | B12: 0.357 | C12: 0.75 | D12: 0.542 | E12: 0.58333333 | F12: 0.5 | G12: 0.7 | H12: 0.5483871 | I12: 0.5 | J12: 0.54545455 | K12: 0.66666667
A13: 김태양 | B13: 0.364 | C13: 0.231 | D13: 0.333 | F13: 0.25 | G13: 0.28571429 | H13: 0.25 | I13: 0.3 | J13: 0.45833333 | K13: 0.375
A14: 김현철 | D14: 0.333 | E14: 0 | F14: 0.66666667 | G14: 0 | H14: 0.33333333 | I14: 0.28571429 | J14: 0.44444444 | K14: 0.28571429
A15: 김형준 | B15: 0.25 | C15: 0.462 | D15: 0.435 | E15: 0.83333333 | F15: 0.375 | G15: 0.53333333 | H15: 0.51851852 | J15: 0.55 | K15: 0.38888889
A16: 남동수 | C16: 0 | D16: 0.222 | F16: 0.11111111 | G16: 0.14285714 | H16: 0.33333333 | I16: 0.33333333 | J16: 0.21428571 | K16: 0.57142857
A17: 류동현 | B17: 0.429 | C17: 0.2 | E17: 0.66666667 | F17: 0.46153846 | G17: 0.46153846 | H17: 0.090909091 | I17: 0.28571429 | J17: 0.29411765
A18: 박영준 | D18: 0 | E18: 0.42857143 | F18: 0.41666667 | G18: 0.375 | H18: 0.31818182 | I18: 0.625 | J18: 0.30769231 | K18: 0.6
A19: 박재현 | C19: 0.429 | D19: 0.611 | E19: 0.4 | F19: 0.44444444 | G19: 0.25 | H19: 0.33333333 | I19: 0.41176471 | J19: 0.25 | K19: 0.42857143
A20: 백정철 | B20: 0.429 | C20: 0.5 | D20: 0.286 | E20: 0.5 | G20: 0.5 | H20: 0.3 | I20: 0.4 | J20: 0.35294118 | K20: 0.30769231
A21: 윤태규 | J21: 0.42857143 | K21: 0.4
A22: 이동진 | B22: 0.333 | C22: 0.143 | D22: 0.143 | E22: 0 | F22: 0.5 | H22: 0 | J22: 0.5
A23: 이철민 | B23: 0.56 | C23: 0.545 | D23: 0.304 | F23: 0.45454545 | G23: 0.46666667 | H23: 0.58333333 | I23: 0.75
A24: 임지헌 | B24: 0.25 | C24: 0.167 | D24: 0.571 | F24: 0.4 | G24: 0.25 | H24: 0.18181818 | I24: 0.57142857 | J24: 0.28571429
A25: 조태형 | B25: 0.5 | C25: 0.2 | D25: 0.4 | E25: 0.2 | F25: 0.22222222 | G25: 0.36363636 | H25: 0.28571429 | I25: 0.375 | J25: 0.51612903 | K25: 0.3
A26: 주혁진 | K26: 0.3
A27: 차현철 | D27: 0 | E27: 0.25 | F27: 0 | G27: 0 | H27: 0.5 | I27: 0.33333333 | J27: 0.24 | K27: 0.36363636
A28: 총합 | B28: 0.43283582 | C28: 0.34285714 | D28: 0.35748792 | E28: 0.37 | F28: 0.38607595 | G28: 0.38732394 | H28: 0.42439024 | I28: 0.37341772 | J28: 0.40066225

Sheet 통산 성적(~'24) (김희제 포함)
A1: ◎ 라스칼 통산 성적
A2: 1. 타자 기록
A3: 이름 | B3: 게임수 | C3: 타율 | D3: 타석 | E3: 타수 | F3: 안타 | G3: 1루타 | H3: 2루타 | I3: 3루타 | J3: 홈런 | K3: 득점 | L3: 타점 | M3: 도루 | N3: 사사구 | O3: 삼진 | P3: 삼진률 | Q3: 장타율 | R3: 출루율 | S3: OPS | T3: 아웃 比 삼진률 | U3: 출루율 등수 | V3: OPS 등수
A4: 김기태 | B4: 52 | C4: {=F4/E4} -> 0.56097561 | D4: 150 | E4: 123 | F4: 69 | G4: 50 | H4: 14 | I4: 4 | J4: 1 | K4: 57 | L4: 62 | M4: 39 | N4: 25 | O4: 9 | P4: {=O4/D4} -> 0.06 | Q4: {=(G4*1+H4*2+I4*3+J4*4)/E4} -> 0.76422764 | R4: {=(F4+N4)/D4} -> 0.62666667 | S4: {=R4+Q4} -> 1.3908943 | T4: {=O4/(D4-(F4+N4))} -> 0.16071429 | U4: {=RANK(R4,$R$4:$R$24)} -> 1 | V4: {=RANK(S4,$S$4:$S$24)} -> 1
A5: 김재영 | B5: 54 | C5: {=F5/E5} -> 0.53191489 | D5: 168 | E5: 141 | F5: 75 | G5: 54 | H5: 12 | I5: 8 | J5: 1 | K5: 69 | L5: 50 | M5: 79 | N5: 22 | O5: 12 | P5: {=O5/D5} -> 0.071428571 | Q5: {=(G5*1+H5*2+I5*3+J5*4)/E5} -> 0.75177305 | R5: {=(F5+N5)/D5} -> 0.57738095 | S5: {=R5+Q5} -> 1.329154 | T5: {=O5/(D5-(F5+N5))} -> 0.16901408 | U5: {=RANK(R5,$R$4:$R$24)} -> 2 | V5: {=RANK(S5,$S$4:$S$24)} -> 3
A6: 김형준 | B6: 47 | C6: {=F6/E6} -> 0.5 | D6: 125 | E6: 104 | F6: 52 | G6: 29 | H6: 20 | I6: 2 | J6: 1 | K6: 40 | L6: 42 | M6: 19 | N6: 20 | O6: 5 | P6: {=O6/D6} -> 0.04 | Q6: {=(G6*1+H6*2+I6*3+J6*4)/E6} -> 0.75961538 | R6: {=(F6+N6)/D6} -> 0.576 | S6: {=R6+Q6} -> 1.3356154 | T6: {=O6/(D6-(F6+N6))} -> 0.094339623 | U6: {=RANK(R6,$R$4:$R$24)} -> 3 | V6: {=RANK(S6,$S$4:$S$24)} -> 2
A7: 박재현 | B7: 41 | C7: {=F7/E7} -> 0.42857143 | D7: 90 | E7: 77 | F7: 33 | G7: 26 | H7: 5 | I7: 1 | J7: 1 | K7: 23 | L7: 17 | M7: 12 | N7: 11 | O7: 13 | P7: {=O7/D7} -> 0.14444444 | Q7: {=(G7*1+H7*2+I7*3+J7*4)/E7} -> 0.55844156 | R7: {=(F7+N7)/D7} -> 0.48888889 | S7: {=R7+Q7} -> 1.0473304 | T7: {=O7/(D7-(F7+N7))} -> 0.2826087 | U7: {=RANK(R7,$R$4:$R$24)} -> 8 | V7: {=RANK(S7,$S$4:$S$24)} -> 7
A8: 이철민 | B8: 54 | C8: {=F8/E8} -> 0.47863248 | D8: 134 | E8: 117 | F8: 56 | G8: 41 | H8: 13 | I8: 0 | J8: 2 | K8: 47 | L8: 43 | M8: 20 | N8: 17 | O8: 14 | P8: {=O8/D8} -> 0.10447761 | Q8: {=(G8*1+H8*2+I8*3+J8*4)/E8} -> 0.64102564 | R8: {=(F8+N8)/D8} -> 0.54477612 | S8: {=R8+Q8} -> 1.1858018 | T8: {=O8/(D8-(F8+N8))} -> 0.2295082 | U8: {=RANK(R8,$R$4:$R$24)} -> 4 | V8: {=RANK(S8,$S$4:$S$24)} -> 4
A9: 류동현 | B9: 37 | C9: {=F9/E9} -> 0.35 | D9: 68 | E9: 60 | F9: 21 | G9: 16 | H9: 5 | I9: 0 | J9: 0 | K9: 17 | L9: 22 | M9: 13 | N9: 7 | O9: 13 | P9: {=O9/D9} -> 0.19117647 | Q9: {=(G9*1+H9*2+I9*3+J9*4)/E9} -> 0.43333333 | R9: {=(F9+N9)/D9} -> 0.41176471 | S9: {=R9+Q9} -> 0.84509804 | T9: {=O9/(D9-(F9+N9))} -> 0.325 | U9: {=RANK(R9,$R$4:$R$24)} -> 13 | V9: {=RANK(S9,$S$4:$S$24)} -> 11
A10: 박영준 | B10: 28 | C10: {=F10/E10} -> 0.38235294 | D10: 88 | E10: 68 | F10: 26 | G10: 19 | H10: 3 | I10: 4 | J10: 0 | K10: 27 | L10: 14 | M10: 25 | N10: 19 | O10: 13 | P10: {=O10/D10} -> 0.14772727 | Q10: {=(G10*1+H10*2+I10*3+J10*4)/E10} -> 0.54411765 | R10: {=(F10+N10)/D10} -> 0.51136364 | S10: {=R10+Q10} -> 1.0554813 | T10: {=O10/(D10-(F10+N10))} -> 0.30232558 | U10: {=RANK(R10,$R$4:$R$24)} -> 6 | V10: {=RANK(S10,$S$4:$S$24)} -> 6
A11: 김범희 | B11: 44 | C11: {=F11/E11} -> 0.36470588 | D11: 112 | E11: 85 | F11: 31 | G11: 20 | H11: 7 | I11: 3 | J11: 1 | K11: 35 | L11: 33 | M11: 19 | N11: 26 | O11: 23 | P11: {=O11/D11} -> 0.20535714 | Q11: {=(G11*1+H11*2+I11*3+J11*4)/E11} -> 0.55294118 | R11: {=(F11+N11)/D11} -> 0.50892857 | S11: {=R11+Q11} -> 1.0618697 | T11: {=O11/(D11-(F11+N11))} -> 0.41818182 | U11: {=RANK(R11,$R$4:$R$24)} -> 7 | V11: {=RANK(S11,$S$4:$S$24)} -> 5
A12: 조태형 | B12: 44 | C12: {=F12/E12} -> 0.34042553 | D12: 115 | E12: 94 | F12: 32 | G12: 20 | H12: 10 | I12: 2 | J12: 0 | K12: 28 | L12: 25 | M12: 17 | N12: 20 | O12: 20 | P12: {=O12/D12} -> 0.17391304 | Q12: {=(G12*1+H12*2+I12*3+J12*4)/E12} -> 0.4893617 | R12: {=(F12+N12)/D12} -> 0.45217391 | S12: {=R12+Q12} -> 0.94153562 | T12: {=O12/(D12-(F12+N12))} -> 0.31746032 | U12: {=RANK(R12,$R$4:$R$24)} -> 10 | V12: {=RANK(S12,$S$4:$S$24)} -> 8
A13: 백정철 | B13: 31 | C13: {=F13/E13} -> 0.35384615 | D13: 80 | E13: 65 | F13: 23 | G13: 22 | H13: 0 | I13: 0 | J13: 1 | K13: 20 | L13: 22 | M13: 7 | N13: 13 | O13: 10 | P13: {=O13/D13} -> 0.125 | Q13: {=(G13*1+H13*2+I13*3+J13*4)/E13} -> 0.4 | R13: {=(F13+N13)/D13} -> 0.45 | S13: {=R13+Q13} -> 0.85 | T13: {=O13/(D13-(F13+N13))} -> 0.22727273 | U13: {=RANK(R13,$R$4:$R$24)} -> 11 | V13: {=RANK(S13,$S$4:$S$24)} -> 10
A14: 임지헌 | B14: 34 | C14: {=F14/E14} -> 0.33928571 | D14: 74 | E14: 56 | F14: 19 | G14: 15 | H14: 4 | I14: 0 | J14: 0 | K14: 22 | L14: 17 | M14: 16 | N14: 16 | O14: 18 | P14: {=O14/D14} -> 0.24324324 | Q14: {=(G14*1+H14*2+I14*3+J14*4)/E14} -> 0.41071429 | R14: {=(F14+N14)/D14} -> 0.47297297 | S14: {=R14+Q14} -> 0.88368726 | T14: {=O14/(D14-(F14+N14))} -> 0.46153846 | U14: {=RANK(R14,$R$4:$R$24)} -> 9 | V14: {=RANK(S14,$S$4:$S$24)} -> 9
A15: 김현철 | B15: 20 | C15: {=F15/E15} -> 0.30769231 | D15: 41 | E15: 26 | F15: 8 | G15: 7 | H15: 1 | I15: 0 | J15: 0 | K15: 16 | L15: 5 | M15: 11 | N15: 8 | O15: 2 | P15: {=O15/D15} -> 0.048780488 | Q15: {=(G15*1+H15*2+I15*3+J15*4)/E15} -> 0.34615385 | R15: {=(F15+N15)/D15} -> 0.3902439 | S15: {=R15+Q15} -> 0.73639775 | T15: {=O15/(D15-(F15+N15))} -> 0.08 | U15: {=RANK(R15,$R$4:$R$24)} -> 16 | V15: {=RANK(S15,$S$4:$S$24)} -> 13
... A24: 김민석 | B24: 4 | C24: {=F24/E24} -> 0 | D24: 11 | E24: 7 | F24: 0 | G24: 0 | H24: 0 | I24: 0 | J24: 0 | K24: 4 | L24: 6 | M24: 1 | N24: 4 | O24: 2 | P24: {=O24/D24} -> 0.18181818 | Q24: {=(G24*1+H24*2+I24*3+J24*4)/E24} -> 0 | R24: {=(F24+N24)/D24} -> 0.36363636 | S24: {=R24+Q24} -> 0.36363636 | T24: {=O24/(D24-(F24+N24))} -> 0.28571429 | U24: {=RANK(R24,$R$4:$R$24)} -> 18 | V24: {=RANK(S24,$S$4:$S$24)} -> 21
A25: 총합 | C25: {=F25/E25} -> 0.38318452 | D25: {=SUM(D4:D24)} -> 1688 | E25: {=SUM(E4:E24)} -> 1344 | F25: {=SUM(F4:F24)} -> 515 | G25: {=SUM(G4:G24)} -> 377 | H25: {=SUM(H4:H24)} -> 104 | I25: {=SUM(I4:I24)} -> 26 | J25: {=SUM(J4:J24)} -> 8 | K25: {=SUM(K4:K24)} -> 515 | ... O25: {=SUM(O4:O24)} -> 282 | P25: {=O25/D25} -> 0.16706161 | Q25: {=(G25*1+H25*2+I25*3+J25*4)/E25} -> 0.5171131 | R25: {=(F25+N25)/D25} -> 0.48992891 | S25: {=R25+Q25} -> 1.007042
A27: 2. 투수 기록
A28: 이름 | B28: 게임수 | C28: 승 | D28: 패 | E28: 세 | F28: 타자 | G28: 타수 | H28: 이닝 | I28: 피안타 | J28: 피홈런 | K28: 볼넷 | L28: 사구 | M28: 탈삼진 | N28: 실점 | O28: 자책점 | P28: 방어율 | Q28: 제구 | R28: 피안타율 | S28: 경기/이닝 | T28: 이닝/K | U28: 수비성공률 | V28: WHIP
A29: 권강현 | B29: 15 | C29: 1 | D29: 2 | E29: 0 | F29: 105 | G29: 52 | H29: 8.99966 | I29: 19 | J29: 0 | K29: 48 | L29: 4 | M29: 5 | N29: 56 | O29: 36 | P29: {=O29*9/H29} -> 36.00136 | Q29: {=(K29+L29)/H29} -> 5.7779961 | R29: {=I29/H29} -> 2.1111909 | S29: {=H29/B29} -> 0.59997733 | T29: {=M29/H29} -> 0.55557654 | U29: {=O29/N29} -> 0.64285714 | V29: {=(I29+K29+L29)/H29} -> 7.8891869
A30: 김민석 | B30: 1 | C30: 0 | D30: 0 | E30: 0 | F30: 1 | G30: 0 | H30: 0 | I30: 0 | J30: 0 | K30: 1 | L30: 0 | M30: 0 | N30: 0 | O30: 0 | P30: 0 | Q30: - | R30: - | S30: {=H30/B30} -> 0 | T30: - | U30: - | V30: -
A31: 김병진 | B31: 12 | C31: 2 | D31: 2 | E31: 0 | F31: 128 | G31: 96 | H31: 13.999966 | I31: 37 | J31: 3 | K31: 27 | L31: 5 | M31: 13 | N31: 55 | O31: 33 | P31: {=O31*9/H31} -> 21.214337 | Q31: {=(K31+L31)/H31} -> 2.2857198 | R31: {=I31/H31} -> 2.6428635 | S31: {=H31/B31} -> 1.1666639 | T31: {=M31/H31} -> 0.92857366 | U31: {=O31/N31} -> 0.6 | V31: {=(I31+K31+L31)/H31} -> 4.9285833
A32: 김형준 | B32: 35 | C32: 11 | D32: 7 | E32: 2 | F32: 475 | G32: 403 | H32: 88.333267 | I32: 110 | J32: 1 | K32: 65 | L32: 14 | M32: 121 | N32: 115 | O32: 69 | P32: {=O32*9/H32} -> 7.030194 | Q32: {=(K32+L32)/H32} -> 0.8943403 | R32: {=I32/H32} -> 1.245284 | S32: {=H32/B32} -> 2.5238076 | T32: {=M32/H32} -> 1.3698124 | U32: {=O32/N32} -> 0.6 | V32: {=(I32+K32+L32)/H32} -> 2.1396243
A33: 류동현 | B33: 19 | C33: 2 | D33: 5 | E33: 0 | F33: 207 | G33: 143 | H33: 25.999927 | I33: 58 | J33: 2 | K33: 61 | L33: 4 | M33: 27 | N33: 87 | O33: 68 | P33: {=O33*9/H33} -> 23.538528 | Q33: {=(K33+L33)/H33} -> 2.5000071 | R33: {=I33/H33} -> 2.2307755 | S33: {=H33/B33} -> 1.3684172 | T33: {=M33/H33} -> 1.0384645 | U33: {=O33/N33} -> 0.7816092 | V33: {=(I33+K33+L33)/H33} -> 4.7307826
A34: 박영준 | B34: 11 | C34: 2 | D34: 3 | E34: 0 | F34: 173 | G34: 127 | H34: 23.333299 | I34: 66 | J34: 1 | K34: 33 | L34: 9 | M34: 27 | N34: 74 | O34: 62 | P34: 0 | Q34: {=(K34+L34)/H34} -> 1.8000026 | R34: {=I34/H34} -> 2.8285756 | S34: {=H34/B34} -> 2.121209 | T34: {=M34/H34} -> 1.1571445 | U34: - | V34: {=(I34+K34+L34)/H34} -> 4.6285782
A35: 임지헌 | B35: 8 | C35: 2 | D35: 2 | E35: 1 | F35: 102 | G35: 55 | H35: 13.666633 | I35: 16 | J35: 1 | K35: 45 | L35: 1 | M35: 13 | N35: 36 | O35: 21 | P35: {=O35*9/H35} -> 13.829302 | Q35: {=(K35+L35)/H35} -> 3.3658619 | R35: {=I35/H35} -> 1.1707346 | S35: {=H35/B35} -> 1.7083292 | T35: {=M35/H35} -> 0.95122183 | U35: {=O35/N35} -> 0.58333333 | V35: {=(I35+K35+L35)/H35} -> 4.5365964
A36: 조태형 | B36: 38 | C36: 8 | D36: 11 | E36: 3 | F36: 550 | G36: 397 | H36: 81.666633 | I36: 133 | J36: 1 | K36: 123 | L36: 25 | M36: 131 | N36: 183 | O36: 130 | P36: {=O36*9/H36} -> 14.326537 | Q36: {=(K36+L36)/H36} -> 1.8122456 | R36: {=I36/H36} -> 1.6285721 | S36: {=H36/B36} -> 2.1491219 | T36: {=M36/H36} -> 1.6040823 | U36: {=O36/N36} -> 0.71038251 | V36: {=(I36+K36+L36)/H36} -> 3.4408177
A37: 총합 | B37: {=SUM(B29:B36)} -> 139 | C37: {=SUM(C29:C36)} -> 28 | D37: {=SUM(D29:D36)} -> 32 | E37: {=SUM(E29:E36)} -> 6 | F37: {=SUM(F29:F36)} -> 1741 | G37: {=SUM(G29:G36)} -> 1273 | H37: {=SUM(H29:H36)} -> 255.99939 | I37: {=SUM(I29:I36)} -> 439 | ... O37: {=SUM(O29:O36)} -> 419 | P37: {=O37*9/H37} -> 14.730504 | Q37: {=(K37+L37)/H37} -> 1.8164106 | R37: {=I37/H37} -> 1.7148479 | S37: {=H37/B37} -> 1.8417222 | T37: {=M37/H37} -> 1.3164094 | U37: {=O37/N37} -> 0.69141914 | V37: {=(I37+K37+L37)/H37} -> 3.5312585

Sheet 22년 샘프리그(22')
A1: ◎ 22년 상반기 샘프리그
A2: 1. 타자 기록
A3: 이름 | B3: 게임수 | C3: 타율 | D3: 타석 | E3: 타수 | F3: 안타 | G3: 1루타 | H3: 2루타 | I3: 3루타 | J3: 홈런 | K3: 득점 | L3: 타점 | M3: 도루 | N3: 사사구 | O3: 삼진 | P3: 장타율 | Q3: 출루율 | R3: OPS
A4: 권강현 | B4: 2 | C4: 0 | D4: 1 | E4: 1 | F4: 0 | G4: 0 | H4: 0 | I4: 0 | J4: 0 | K4: 0 | L4: 0 | M4: 0 | N4: 0 | O4: 1 | P4: {=(G4*1+H4*2+I4*3+J4*4)/E4} -> 0 | Q4: 0 | R4: {=Q4+P4} -> 0
A5: 권혁진 | B5: 6 | C5: 0 | D5: 11 | E5: 3 | F5: 0 | G5: 0 | H5: 0 | I5: 0 | J5: 0 | K5: 2 | L5: 1 | M5: 2 | N5: 8 | O5: 3 | P5: {=(G5*1+H5*2+I5*3+J5*4)/E5} -> 0 | Q5: 0.727 | R5: {=Q5+P5} -> 0.727
A6: 김기태 | B6: 9 | C6: 0.75 | D6: 28 | E6: 20 | F6: 15 | G6: 10 | H6: 4 | I6: 1 | J6: 0 | K6: 14 | L6: 11 | M6: 11 | N6: 8 | O6: 1 | P6: {=(G6*1+H6*2+I6*3+J6*4)/E6} -> 1.05 | Q6: 0.821 | R6: {=Q6+P6} -> 1.871
A7: 김민석 | B7: 0 | D7: 0 | E7: 0 | F7: 0 | G7: 0 | H7: 0 | I7: 0 | J7: 0 | K7: 0 | L7: 0 | M7: 0 | N7: 0 | O7: 0 | P7: 0 | Q7: 0 | R7: {=Q7+P7} -> 0
A8: 김범희 | B8: 9 | C8: 0.45 | D8: 22 | E8: 20 | F8: 9 | G8: 6 | H8: 3 | I8: 0 | J8: 0 | K8: 8 | L8: 9 | M8: 6 | N8: 2 | O8: 4 | P8: {=(G8*1+H8*2+I8*3+J8*4)/E8} -> 0.6 | Q8: 0.5 | R8: {=Q8+P8} -> 1.1
A9: 김병진 | B9: 5 | C9: 0.333 | D9: 13 | E9: 12 | F9: 4 | G9: 3 | H9: 1 | I9: 0 | J9: 0 | K9: 2 | L9: 1 | M9: 2 | N9: 1 | O9: 4 | P9: {=(G9*1+H9*2+I9*3+J9*4)/E9} -> 0.41666667 | Q9: 0.385 | R9: {=Q9+P9} -> 0.80166667
A10: 김재영 | B10: 9 | C10: 0.357 | D10: 31 | E10: 28 | F10: 10 | G10: 6 | H10: 3 | I10: 1 | J10: 0 | K10: 7 | L10: 8 | M10: 5 | N10: 3 | O10: 5 | P10: {=(G10*1+H10*2+I10*3+J10*4)/E10} -> 0.53571429 | Q10: 0.419 | R10: {=Q10+P10} -> 0.95471429
A11: 김태양 | B11: 5 | C11: 0.364 | D11: 13 | E11: 11 | F11: 4 | G11: 4 | H11: 0 | I11: 0 | J11: 0 | K11: 4 | L11: 5 | M11: 3 | N11: 2 | O11: 4 | P11: {=(G11*1+H11*2+I11*3+J11*4)/E11} -> 0.36363636 | Q11: 0.462 | R11: {=Q11+P11} -> 0.82563636
A12: 김현철 | B12: 0 | D12: 0 | E12: 0 | F12: 0 | G12: 0 | H12: 0 | I12: 0 | J12: 0 | K12: 0 | L12: 0 | M12: 0 | N12: 0 | O12: 0 | P12: 0 | Q12: 0 | R12: {=Q12+P12} -> 0
A13: 김형준 | B13: 4 | C13: 0.25 | D13: 6 | E13: 4 | F13: 1 | G13: 0 | H13: 0 | I13: 0 | J13: 1 | K13: 2 | L13: 3 | M13: 0 | N13: 2 | O13: 1 | P13: {=(G13*1+H13*2+I13*3+J13*4)/E13} -> 1 | Q13: 0.5 | R13: {=Q13+P13} -> 1.5
A14: 김희제 | B14: 7 | C14: 0.286 | D14: 17 | E14: 14 | F14: 4 | G14: 3 | H14: 0 | I14: 1 | J14: 0 | K14: 6 | L14: 1 | M14: 3 | N14: 3 | O14: 5 | P14: {=(G14*1+H14*2+I14*3+J14*4)/E14} -> 0.42857143 | Q14: 0.412 | R14: {=Q14+P14} -> 0.84057143
A15: 남동수 | B15: 0 | D15: 0 | E15: 0 | F15: 0 | G15: 0 | H15: 0 | I15: 0 | J15: 0 | K15: 0 | L15: 0 | M15: 0 | N15: 0 | O15: 0 | P15: 0 | Q15: 0 | R15: {=Q15+P15} -> 0
A16: 류동현 | B16: 6 | C16: 0.429 | D16: 9 | E16: 7 | F16: 3 | G16: 2 | H16: 1 | I16: 0 | J16: 0 | K16: 1 | L16: 3 | M16: 2 | N16: 2 | O16: 1 | P16: {=(G16*1+H16*2+I16*3+J16*4)/E16} -> 0.57142857 | Q16: 0.556 | R16: {=Q16+P16} -> 1.1274286
A17: 박영준 | B17: 0 | D17: 0 | E17: 0 | F17: 0 | G17: 0 | H17: 0 | I17: 0 | J17: 0 | K17: 0 | L17: 0 | M17: 0 | N17: 0 | O17: 0 | P17: 0 | Q17: 0 | R17: {=Q17+P17} -> 0
A18: 박재현 | B18: 1 | C18: 0 | D18: 1 | E18: 1 | F18: 0 | G18: 0 | H18: 0 | I18: 0 | J18: 0 | K18: 0 | L18: 0 | M18: 0 | N18: 0 | O18: 1 | P18: {=(G18*1+H18*2+I18*3+J18*4)/E18} -> 0 | Q18: 0 | R18: {=Q18+P18} -> 0
A19: 백정철 | B19: 7 | C19: 0.429 | D19: 18 | E19: 14 | F19: 6 | G19: 6 | H19: 0 | I19: 0 | J19: 0 | K19: 7 | L19: 7 | M19: 3 | N19: 4 | O19: 2 | P19: {=(G19*1+H19*2+I19*3+J19*4)/E19} -> 0.42857143 | Q19: 0.556 | R19: {=Q19+P19} -> 0.98457143
A20: 이동진 | B20: 8 | C20: 0.333 | D20: 18 | E20: 15 | F20: 5 | G20: 3 | H20: 2 | I20: 0 | J20: 0 | K20: 4 | L20: 8 | M20: 6 | N20: 3 | O20: 2 | P20: {=(G20*1+H20*2+I20*3+J20*4)/E20} -> 0.46666667 | Q20: 0.444 | R20: {=Q20+P20} -> 0.91066667
A21: 이철민 | B21: 9 | C21: 0.56 | D21: 27 | E21: 25 | F21: 14 | G21: 13 | H21: 1 | I21: 0 | J21: 0 | K21: 5 | L21: 9 | M21: 4 | N21: 2 | O21: 2 | P21: {=(G21*1+H21*2+I21*3+J21*4)/E21} -> 0.6 | Q21: 0.593 | R21: {=Q21+P21} -> 1.193
A22: 임지헌 | B22: 3 | C22: 0.25 | D22: 6 | E22: 4 | F22: 1 | G22: 1 | H22: 0 | I22: 0 | J22: 0 | K22: 5 | L22: 1 | M22: 4 | N22: 2 | O22: 1 | P22: {=(G22*1+H22*2+I22*3+J22*4)/E22} -> 0.25 | Q22: 0.5 | R22: {=Q22+P22} -> 0.75
A23: 조태형 | B23: 9 | C23: 0.5 | D23: 24 | E23: 22 | F23: 11 | G23: 6 | H23: 4 | I23: 1 | J23: 0 | K23: 9 | L23: 6 | M23: 3 | N23: 2 | O23: 3 | P23: {=(G23*1+H23*2+I23*3+J23*4)/E23} -> 0.77272727 | Q23: 0.542 | R23: {=Q23+P23} -> 1.3147273
A24: 차현철 | B24: 0 | D24: 0 | E24: 0 | F24: 0 | G24: 0 | H24: 0 | I24: 0 | J24: 0 | K24: 0 | L24: 0 | M24: 0 | N24: 0 | O24: 0 | P24: 0 | Q24: 0 | R24: {=Q24+P24} -> 0
A25: 총합 | C25: {=F25/E25} -> 0.43283582 | D25: {=SUM(D4:D24)} -> 245 | E25: {=SUM(E4:E24)} -> 201 | F25: {=SUM(F4:F24)} -> 87 | G25: {=SUM(G4:G24)} -> 63 | H25: {=SUM(H4:H24)} -> 19 | I25: {=SUM(I4:I24)} -> 4 | J25: {=SUM(J4:J24)} -> 1 | K25: {=SUM(K4:K23)} -> 76 | L25: {=SUM(L4:L23)} -> 73 | M25: {=SUM(M4:M23)} -> 54 | N25: {=SUM(N4:N23)} -> 44 | O25: {=SUM(O4:O23)} -> 40
A27: 2. 투수 기록
A28: 이름 | B28: 게임수 | C28: 승 | D28: 패 | E28: 세 | F28: 타자 | G28: 타수 | H28: 이닝 | I28: 피안타 | J28: 피홈런 | K28: 볼넷 | L28: 사구 | M28: 탈삼진 | N28: 실점 | O28: 자책점 | P28: 방어율
A29: 김민석 | B29: 1 | C29: 0 | D29: 0 | E29: 0 | F29: 1 | G29: 0 | H29: 0 | I29: 0 | J29: 0 | K29: 1 | L29: 0 | M29: 0 | N29: 0 | O29: 0 | P29: 0
A30: 권강현 | B30: 2 | C30: 0 | D30: 0 | E30: 0 | F30: 2 | G30: 0 | H30: 0 | I30: 0 | J30: 0 | K30: 2 | L30: 0 | M30: 0 | N30: 1 | O30: 0 | P30: 0
A31: 김형준 | B31: 4 | C31: 2 | D31: 0 | E31: 0 | F31: 36 | G31: 30 | H31: 7.1 | I31: 10 | J31: 0 | K31: 6 | L31: 0 | M31: 5 | N31: 7 | O31: 3 | P31: {=O31*9/H31} -> 3.8028169
A32: 조태형 | B32: 9 | C32: 2 | D32: 4 | E32: 1 | F32: 180 | G32: 126 | H32: 26 | I32: 40 | J32: 0 | K32: 46 | L32: 7 | M32: 55 | N32: 58 | O32: 25 | P32: {=O32*9/H32} -> 8.6538462
A33: 임지헌 | B33: 3 | C33: 2 | D33: 0 | E33: 0 | F33: 44 | G33: 26 | H33: 7 | I33: 9 | J33: 0 | K33: 17 | L33: 0 | M33: 10 | N33: 10 | O33: 8 | P33: {=O33*9/H33} -> 10.285714
A34: 류동현 | B34: 3 | C34: 0 | D34: 0 | E34: 0 | F34: 16 | G34: 9 | H34: 2 | I34: 4 | J34: 0 | K34: 6 | L34: 0 | M34: 2 | N34: 6 | O34: 5 | P34: {=O34*9/H34} -> 22.5
A35: 총합 | C35: {=SUM(C29:C34)} -> 6 | D35: {=SUM(D29:D34)} -> 4 | E35: {=SUM(E29:E34)} -> 1 | F35: {=SUM(F29:F34)} -> 279 | G35: {=SUM(G29:G34)} -> 191 | H35: {=SUM(H29:H34)} -> 42.1 | I35: {=SUM(I29:I34)} -> 63 | J35: {=SUM(J29:J34)} -> 0 | ... O35: {=SUM(O29:O34)} -> 41 | P35: {=O35*9/H35} -> 8.7648456

Sheet 22년 드림즈(23')
A1: ◎ 22년 하반기 드림즈리그
A2: 1. 타자 기록
A3: 이름 | B3: 게임수 | C3: 타율 | D3: 타석 | E3: 타수 | F3: 안타 | G3: 1루타 | H3: 2루타 | I3: 3루타 | J3: 홈런 | K3: 득점 | L3: 타점 | M3: 도루 | N3: 사사구 | O3: 삼진 | P3: 장타율 | Q3: 출루율 | R3: OPS
A4: 권강현 | B4: 1 | C4: 0 | D4: 0 | E4: 0 | F4: 0 | G4: 0 | H4: 0 | I4: 0 | J4: 0 | K4: 0 | L4: 0 | M4: 0 | N4: 0 | O4: 0 | P4: 0 | Q4: 0 | R4: {=Q4+P4} -> 0
A5: 권혁진 | B5: 5 | C5: 0.5 | D5: 12 | E5: 8 | F5: 4 | G5: 4 | H5: 0 | I5: 0 | J5: 0 | K5: 3 | L5: 5 | M5: 1 | N5: 4 | O5: 3 | P5: {=(G5*1+H5*2+I5*3+J5*4)/E5} -> 0.5 | Q5: 0.667 | R5: {=Q5+P5} -> 1.167
A6: 김기태 | B6: 6 | C6: 0.417 | D6: 15 | E6: 12 | F6: 5 | G6: 3 | H6: 1 | I6: 1 | J6: 0 | K6: 8 | L6: 7 | M6: 3 | N6: 3 | O6: 2 | P6: {=(G6*1+H6*2+I6*3+J6*4)/E6} -> 0.66666667 | Q6: 0.533 | R6: {=Q6+P6} -> 1.1996667
A7: 김민석 | B7: 1 | C7: 0 | D7: 4 | E7: 4 | F7: 0 | G7: 0 | H7: 0 | I7: 0 | J7: 0 | K7: 0 | L7: 3 | M7: 0 | N7: 0 | O7: 0 | P7: {=(G7*1+H7*2+I7*3+J7*4)/E7} -> 0 | Q7: 0 | R7: {=Q7+P7} -> 0
A8: 김범희 | B8: 7 | C8: 0.455 | D8: 17 | E8: 11 | F8: 5 | G8: 3 | H8: 1 | I8: 1 | J8: 0 | K8: 6 | L8: 4 | M8: 2 | N8: 6 | O8: 1 | P8: {=(G8*1+H8*2+I8*3+J8*4)/E8} -> 0.72727273 | Q8: 0.647 | R8: {=Q8+P8} -> 1.3742727
A9: 김병진 | B9: 6 | C9: 0.091 | D9: 16 | E9: 11 | F9: 1 | G9: 1 | H9: 0 | I9: 0 | J9: 0 | K9: 2 | L9: 2 | M9: 4 | N9: 5 | O9: 9 | P9: {=(G9*1+H9*2+I9*3+J9*4)/E9} -> 0.090909091 | Q9: 0.375 | R9: {=Q9+P9} -> 0.46590909
A10: 김재영 | B10: 6 | C10: 0.75 | D10: 18 | E10: 12 | F10: 9 | G10: 8 | H10: 1 | I10: 0 | J10: 0 | K10: 11 | L10: 8 | M10: 17 | N10: 6 | O10: 0 | P10: {=(G10*1+H10*2+I10*3+J10*4)/E10} -> 0.83333333 | Q10: 0.833 | R10: {=Q10+P10} -> 1.6663333
A11: 김태양 | B11: 6 | C11: 0.231 | D11: 14 | E11: 13 | F11: 3 | G11: 2 | H11: 1 | I11: 0 | J11: 0 | K11: 3 | L11: 4 | M11: 2 | N11: 1 | O11: 4 | P11: {=(G11*1+H11*2+I11*3+J11*4)/E11} -> 0.30769231 | Q11: 0.286 | R11: {=Q11+P11} -> 0.59369231
A12: 김현철 | B12: 0 | C12: 0 | D12: 0 | E12: 0 | F12: 0 | G12: 0 | H12: 0 | I12: 0 | J12: 0 | K12: 0 | L12: 0 | M12: 0 | N12: 0 | O12: 0 | P12: 0 | Q12: 0 | R12: {=Q12+P12} -> 0
A13: 김형준 | B13: 6 | C13: 0.462 | D13: 15 | E13: 13 | F13: 6 | G13: 0 | H13: 5 | I13: 1 | J13: 0 | K13: 5 | L13: 9 | M13: 0 | N13: 2 | O13: 1 | P13: {=(G13*1+H13*2+I13*3+J13*4)/E13} -> 1 | Q13: 0.533 | R13: {=Q13+P13} -> 1.533
A14: 김희제 | B14: 4 | C14: 0 | D14: 9 | E14: 5 | F14: 0 | G14: 0 | H14: 0 | I14: 0 | J14: 0 | K14: 2 | L14: 1 | M14: 1 | N14: 4 | O14: 3 | P14: {=(G14*1+H14*2+I14*3+J14*4)/E14} -> 0 | Q14: 0.444 | R14: {=Q14+P14} -> 0.444
A15: 남동수 | B15: 1 | C15: 0 | D15: 4 | E15: 3 | F15: 0 | G15: 0 | H15: 0 | I15: 0 | J15: 0 | K15: 1 | L15: 0 | M15: 0 | N15: 1 | O15: 2 | P15: {=(G15*1+H15*2+I15*3+J15*4)/E15} -> 0 | Q15: 0.25 | R15: {=Q15+P15} -> 0.25
A16: 류동현 | B16: 5 | C16: 0.2 | D16: 8 | E16: 5 | F16: 1 | G16: 1 | H16: 0 | I16: 0 | J16: 0 | K16: 2 | L16: 1 | M16: 2 | N16: 3 | O16: 1 | P16: {=(G16*1+H16*2+I16*3+J16*4)/E16} -> 0.2 | Q16: 0.5 | R16: {=Q16+P16} -> 0.7
A17: 박영준 | B17: 0 | C17: 0 | D17: 0 | E17: 0 | F17: 0 | G17: 0 | H17: 0 | I17: 0 | J17: 0 | K17: 0 | L17: 0 | M17: 0 | N17: 0 | O17: 0 | P17: 0 | Q17: 0 | R17: {=Q17+P17} -> 0
A18: 박재현 | B18: 5 | C18: 0.429 | D18: 9 | E18: 7 | F18: 3 | G18: 3 | H18: 0 | I18: 0 | J18: 0 | K18: 2 | L18: 2 | M18: 1 | N18: 2 | O18: 2 | P18: {=(G18*1+H18*2+I18*3+J18*4)/E18} -> 0.42857143 | Q18: 0.556 | R18: {=Q18+P18} -> 0.98457143
A19: 백정철 | B19: 1 | C19: 0.5 | D19: 3 | E19: 2 | F19: 1 | G19: 1 | H19: 0 | I19: 0 | J19: 0 | K19: 0 | L19: 0 | M19: 1 | N19: 1 | O19: 1 | P19: {=(G19*1+H19*2+I19*3+J19*4)/E19} -> 0.5 | Q19: 0.667 | R19: {=Q19+P19} -> 1.167
A20: 이동진 | B20: 7 | C20: 0.143 | D20: 14 | E20: 7 | F20: 1 | G20: 1 | H20: 0 | I20: 0 | J20: 0 | K20: 4 | L20: 2 | M20: 4 | N20: 7 | O20: 5 | P20: {=(G20*1+H20*2+I20*3+J20*4)/E20} -> 0.14285714 | Q20: 0.571 | R20: {=Q20+P20} -> 0.71385714
A21: 이철민 | B21: 6 | C21: 0.545 | D21: 15 | E21: 11 | F21: 6 | G21: 4 | H21: 2 | I21: 0 | J21: 0 | K21: 7 | L21: 3 | M21: 5 | N21: 4 | O21: 2 | P21: {=(G21*1+H21*2+I21*3+J21*4)/E21} -> 0.72727273 | Q21: 0.667 | R21: {=Q21+P21} -> 1.3942727
A22: 임지헌 | B22: 3 | C22: 0.167 | D22: 6 | E22: 6 | F22: 1 | G22: 1 | H22: 0 | I22: 0 | J22: 0 | K22: 1 | L22: 1 | M22: 0 | N22: 0 | O22: 3 | P22: {=(G22*1+H22*2+I22*3+J22*4)/E22} -> 0.16666667 | Q22: 0.167 | R22: {=Q22+P22} -> 0.33366667
A23: 조태형 | B23: 5 | C23: 0.2 | D23: 14 | E23: 10 | F23: 2 | G23: 1 | H23: 1 | I23: 0 | J23: 0 | K23: 1 | L23: 5 | M23: 0 | N23: 4 | O23: 5 | P23: {=(G23*1+H23*2+I23*3+J23*4)/E23} -> 0.3 | Q23: 0.429 | R23: {=Q23+P23} -> 0.729
A24: 차현철 | B24: 0 | C24: 0 | D24: 0 | E24: 0 | F24: 0 | G24: 0 | H24: 0 | I24: 0 | J24: 0 | K24: 0 | L24: 0 | M24: 0 | N24: 0 | O24: 0 | P24: 0 | Q24: 0 | R24: {=Q24+P24} -> 0
A25: 총합 | C25: {=F25/E25} -> 0.34285714 | D25: {=SUM(D4:D24)} -> 193 | E25: {=SUM(E4:E24)} -> 140 | F25: {=SUM(F4:F24)} -> 48 | G25: {=SUM(G4:G24)} -> 33 | H25: {=SUM(H4:H24)} -> 12 | I25: {=SUM(I4:I24)} -> 3 | J25: {=SUM(J4:J24)} -> 0 | K25: {=SUM(K4:K24)} -> 58 | ... O25: {=SUM(O4:O24)} -> 44
A27: 2. 투수 기록
A28: 이름 | B28: 게임수 | C28: 승 | D28: 패 | E28: 세 | F28: 타자 | G28: 타수 | H28: 이닝 | I28: 피안타 | J28: 피홈런 | K28: 볼넷 | L28: 사구 | M28: 탈삼진 | N28: 실점 | O28: 자책점 | P28: 방어율
A29: 권강현 | B29: 4 | C29: 1 | D29: 1 | E29: 0 | F29: 38 | G29: {=F29-K29-L29} -> 25 | H29: 4.66666 | I29: 8 | J29: 0 | K29: 11 | L29: 2 | M29: 3 | N29: 14 | O29: 10 | P29: {=O29*9/H29} -> 19.285742
A30: 김병진 | B30: 4 | C30: 0 | D30: 1 | E30: 0 | F30: 28 | G30: {=F30-K30-L30} -> 21 | H30: 2.3333 | I30: 6 | J30: 0 | K30: 6 | L30: 1 | M30: 4 | N30: 12 | O30: 5 | P30: {=O30*9/H30} -> 19.28599
A31: 김형준 | B31: 5 | C31: 1 | D31: 0 | E31: 1 | F31: 41 | G31: {=F31-K31-L31} -> 33 | H31: 7.6666 | I31: 11 | J31: 0 | K31: 5 | L31: 3 | M31: 14 | N31: 13 | O31: 9 | P31: {=O31*9/H31} -> 10.565309
A32: 류동현 | B32: 4 | C32: 0 | D32: 1 | E32: 0 | F32: 62 | G32: {=F32-K32-L32} -> 41 | H32: 7.6666 | I32: 18 | J32: 2 | K32: 18 | L32: 3 | M32: 12 | N32: 26 | O32: 18 | P32: {=O32*9/H32} -> 21.130619
A33: 임지헌 | B33: 2 | C33: 0 | D33: 2 | E33: 0 | F33: 39 | G33: {=F33-K33-L33} -> 21 | H33: 4.3333 | I33: 5 | J33: 1 | K33: 18 | L33: 0 | M33: 3 | N33: 19 | O33: 12 | P33: {=O33*9/H33} -> 24.923269
A34: 조태형 | B34: 4 | C34: 1 | D34: 0 | E34: 2 | F34: 36 | G34: {=F34-K34-L34} -> 29 | H34: 7.3333 | I34: 8 | J34: 1 | K34: 7 | L34: 0 | M34: 8 | N34: 11 | O34: 10 | P34: {=O34*9/H34} -> 12.272783
A35: 총합 | C35: {=SUM(C29:C34)} -> 3 | D35: {=SUM(D29:D34)} -> 5 | E35: {=SUM(E29:E34)} -> 3 | F35: {=SUM(F29:F34)} -> 244 | G35: {=SUM(G29:G34)} -> 170 | H35: {=SUM(H29:H34)} -> 33.99976 | I35: {=SUM(I29:I34)} -> 56 | J35: {=SUM(J29:J34)} -> 4 | ... O35: {=SUM(O29:O34)} -> 64 | P35: {=O35*9/H35} -> 16.941296

Sheet 23년 상반기 코모도(23')
A1: ◎ 23년 상반기 코모도리그
A2: 1. 타자 기록
A3: 선수명 | B3: 경기 | C3: 타율 | D3: 타석 | E3: 타수 | F3: 안타 | G3: 1루타 | H3: 2루타 | I3: 3루타 | J3: 홈런 | K3: 득점 | L3: 타점 | M3: 도루 | N3: 사사구 | O3: 삼진 | P3: 장타율 | Q3: 출루율 | R3: OPS
A4: 권강현 | B4: 2 | C4: 0 | D4: 0 | E4: 0 | F4: 0 | G4: {=F4-(H4+I4+J4)} -> 0 | H4: 0 | I4: 0 | J4: 0 | K4: 0 | L4: 0 | M4: 1 | N4: 0 | O4: 0 | P4: 0 | Q4: 0 | R4: {=Q4+P4} -> 0
A5: 권혁진 | B5: 4 | C5: 0 | D5: 7 | E5: 3 | F5: 0 | G5: {=F5-(H5+I5+J5)} -> 0 | H5: 0 | I5: 0 | J5: 0 | K5: 1 | L5: 0 | M5: 0 | N5: 4 | O5: 0 | P5: {=(G5*1+H5*2+I5*3+J5*4)/E5} -> 0 | Q5: 0.571 | R5: {=Q5+P5} -> 0.571
A6: 김기태 | B6: 9 | C6: 0.474 | D6: 24 | E6: 19 | F6: 9 | G6: {=F6-(H6+I6+J6)} -> 7 | H6: 2 | I6: 0 | J6: 0 | K6: 9 | L6: 9 | M6: 7 | N6: 5 | O6: 2 | P6: {=(G6*1+H6*2+I6*3+J6*4)/E6} -> 0.57894737 | Q6: 0.583 | R6: {=Q6+P6} -> 1.1619474
A7: 김민석 | B7: 0 | C7: 0 | D7: 0 | E7: 0 | F7: 0 | G7: {=F7-(H7+I7+J7)} -> 0 | H7: 0 | I7: 0 | J7: 0 | K7: 0 | L7: 0 | M7: 0 | N7: 0 | O7: 0 | P7: 0 | Q7: 0 | R7: {=Q7+P7} -> 0
A8: 김범희 | B8: 9 | C8: 0.25 | D8: 26 | E8: 20 | F8: 5 | G8: {=F8-(H8+I8+J8)} -> 3 | H8: 0 | I8: 2 | J8: 0 | K8: 7 | L8: 7 | M8: 4 | N8: 6 | O8: 5 | P8: {=(G8*1+H8*2+I8*3+J8*4)/E8} -> 0.45 | Q8: 0.423 | R8: {=Q8+P8} -> 0.873
A9: 김병진 | B9: 4 | C9: 0.2 | D9: 6 | E9: 5 | F9: 1 | G9: {=F9-(H9+I9+J9)} -> 1 | H9: 0 | I9: 0 | J9: 0 | K9: 2 | L9: 0 | M9: 1 | N9: 1 | O9: 1 | P9: {=(G9*1+H9*2+I9*3+J9*4)/E9} -> 0.2 | Q9: 0.333 | R9: {=Q9+P9} -> 0.533
A10: 김재영 | B10: 9 | C10: 0.542 | D10: 31 | E10: 24 | F10: 13 | G10: {=F10-(H10+I10+J10)} -> 9 | H10: 2 | I10: 1 | J10: 1 | K10: 16 | L10: 8 | M10: 16 | N10: 7 | O10: 2 | P10: {=(G10*1+H10*2+I10*3+J10*4)/E10} -> 0.83333333 | Q10: 0.645 | R10: {=Q10+P10} -> 1.4783333
A11: 김태양 | B11: 4 | C11: 0.333 | D11: 7 | E11: 6 | F11: 2 | G11: {=F11-(H11+I11+J11)} -> 2 | H11: 0 | I11: 0 | J11: 0 | K11: 3 | L11: 0 | M11: 3 | N11: 1 | O11: 0 | P11: {=(G11*1+H11*2+I11*3+J11*4)/E11} -> 0.33333333 | Q11: 0.429 | R11: {=Q11+P11} -> 0.76233333
A12: 김현철 | B12: 2 | C12: 0.333 | D12: 3 | E12: 3 | F12: 1 | G12: {=F12-(H12+I12+J12)} -> 1 | H12: 0 | I12: 0 | J12: 0 | K12: 0 | L12: 0 | M12: 1 | N12: 0 | O12: 0 | P12: {=(G12*1+H12*2+I12*3+J12*4)/E12} -> 0.33333333 | Q12: 0.333 | R12: {=Q12+P12} -> 0.66633333
A13: 김형준 | B13: 10 | C13: 0.435 | D13: 25 | E13: 23 | F13: 10 | G13: {=F13-(H13+I13+J13)} -> 6 | H13: 4 | I13: 0 | J13: 0 | K13: 6 | L13: 10 | M13: 5 | N13: 1 | O13: 3 | P13: {=(G13*1+H13*2+I13*3+J13*4)/E13} -> 0.60869565 | Q13: 0.44 | R13: {=Q13+P13} -> 1.0486957
A14: 김희제 | B14: 3 | C14: 0 | D14: 7 | E14: 5 | F14: 0 | G14: {=F14-(H14+I14+J14)} -> 0 | H14: 0 | I14: 0 | J14: 0 | K14: 2 | L14: 0 | M14: 1 | N14: 2 | O14: 3 | P14: {=(G14*1+H14*2+I14*3+J14*4)/E14} -> 0 | Q14: 0.286 | R14: {=Q14+P14} -> 0.286
A15: 남동수 | B15: 6 | C15: 0.222 | D15: 13 | E15: 9 | F15: 2 | G15: {=F15-(H15+I15+J15)} -> 2 | H15: 0 | I15: 0 | J15: 0 | K15: 1 | L15: 3 | M15: 1 | N15: 3 | O15: 5 | P15: {=(G15*1+H15*2+I15*3+J15*4)/E15} -> 0.22222222 | Q15: 0.417 | R15: {=Q15+P15} -> 0.63922222
A16: 류동현 | B16: 2 | C16: 0 | D16: 1 | E16: 1 | F16: 0 | G16: {=F16-(H16+I16+J16)} -> 0 | H16: 0 | I16: 0 | J16: 0 | K16: 0 | L16: 0 | M16: 0 | N16: 0 | O16: 0 | P16: {=(G16*1+H16*2+I16*3+J16*4)/E16} -> 0 | Q16: 0 | R16: {=Q16+P16} -> 0
A17: 박영준 | B17: 2 | C17: 0 | D17: 5 | E17: 3 | F17: 0 | G17: {=F17-(H17+I17+J17)} -> 0 | H17: 0 | I17: 0 | J17: 0 | K17: 2 | L17: 0 | M17: 2 | N17: 2 | O17: 1 | P17: {=(G17*1+H17*2+I17*3+J17*4)/E17} -> 0 | Q17: 0.4 | R17: {=Q17+P17} -> 0.4
A18: 박재현 | B18: 7 | C18: 0.611 | D18: 21 | E18: 18 | F18: 11 | G18: {=F18-(H18+I18+J18)} -> 10 | H18: 0 | I18: 0 | J18: 1 | K18: 6 | L18: 6 | M18: 3 | N18: 3 | O18: 2 | P18: {=(G18*1+H18*2+I18*3+J18*4)/E18} -> 0.77777778 | Q18: 0.667 | R18: {=Q18+P18} -> 1.4447778
A19: 백정철 | B19: 6 | C19: 0.286 | D19: 15 | E19: 14 | F19: 4 | G19: {=F19-(H19+I19+J19)} -> 4 | H19: 0 | I19: 0 | J19: 0 | K19: 2 | L19: 3 | M19: 2 | N19: 0 | O19: 1 | P19: {=(G19*1+H19*2+I19*3+J19*4)/E19} -> 0.28571429 | Q19: 0.267 | R19: {=Q19+P19} -> 0.55271429
... A23: 조태형 | B23: 5 | C23: 0.4 | D23: 14 | E23: 10 | F23: 4 | G23: {=F23-(H23+I23+J23)} -> 4 | H23: 0 | I23: 0 | J23: 0 | K23: 4 | L23: 0 | M23: 4 | N23: 4 | O23: 2 | P23: {=(G23*1+H23*2+I23*3+J23*4)/E23} -> 0.4 | Q23: 0.571 | R23: {=Q23+P23} -> 0.971
A24: 차현철 | B24: 5 | C24: 0 | D24: 9 | E24: 7 | F24: 0 | G24: {=F24-(H24+I24+J24)} -> 0 | H24: 0 | I24: 0 | J24: 0 | K24: 1 | L24: 0 | M24: 0 | N24: 2 | O24: 1 | P24: 0 | Q24: 0.222 | R24: {=Q24+P24} -> 0.222
A25: 총합 | C25: {=F25/E25} -> 0.35748792 | D25: {=SUM(D4:D24)} -> 256 | E25: {=SUM(E4:E24)} -> 207 | F25: {=SUM(F4:F24)} -> 74 | G25: {=SUM(G4:G24)} -> 59 | H25: {=SUM(H4:H24)} -> 9 | I25: {=SUM(I4:I24)} -> 3 | J25: {=SUM(J4:J24)} -> 3 | K25: {=SUM(K4:K24)} -> 75 | ... O25: {=SUM(O4:O24)} -> 34
A27: 2. 투수 기록
A28: 선수명 | B28: 경기 | C28: 승 | D28: 패 | E28: 세 | F28: 타자 | G28: 타수 | H28: 이닝 | I28: 피안타 | J28: 피홈런 | K28: BB | L28: HP | M28: 삼진 | N28: 실점 | O28: 자책 | P28: 방어율
A29: 권강현 | B29: 3 | C29: 0 | D29: 0 | E29: 0 | F29: 12 | G29: {=F29-K29-L29} -> 7 | H29: 0.66666667 | I29: 2 | J29: 0 | K29: 5 | L29: 0 | M29: 1 | N29: 4 | O29: 1 | P29: {=O29*9/H29} -> 13.5
A30: 김병진 | B30: 5 | C30: 1 | D30: 1 | E30: 0 | F30: 85 | G30: {=F30-K30-L30} -> 64 | H30: 10.333333 | I30: 27 | J30: 3 | K30: 17 | L30: 4 | M30: 7 | N30: 36 | O30: 27 | P30: {=O30*9/H30} -> 23.516129
A31: 김형준 | B31: 6 | C31: 0 | D31: 2 | E31: 0 | F31: 54 | G31: {=F31-K31-L31} -> 49 | H31: 9.3333333 | I31: 13 | J31: 0 | K31: 5 | L31: 0 | M31: 17 | N31: 12 | O31: 4 | P31: {=O31*9/H31} -> 3.8571429
A32: 류동현 | B32: 3 | C32: 0 | D32: 1 | E32: 0 | F32: 33 | G32: {=F32-K32-L32} -> 25 | H32: 4.6666667 | I32: 7 | J32: 0 | K32: 8 | L32: 0 | M32: 2 | N32: 11 | O32: 5 | P32: {=O32*9/H32} -> 9.6428571
A33: 임지헌 | B33: 0 | C33: 0 | D33: 0 | E33: 0 | F33: 0 | G33: {=F33-K33-L33} -> 0 | H33: 0 | I33: 0 | J33: 0 | K33: 0 | L33: 0 | M33: 0 | N33: 0 | O33: 0 | P33: 0
A34: 조태형 | B34: 6 | C34: 2 | D34: 2 | E34: 0 | F34: 97 | G34: {=F34-K34-L34} -> 74 | H34: 14.333333 | I34: 27 | J34: 0 | K34: 17 | L34: 6 | M34: 16 | N34: 32 | O34: 27 | P34: {=O34*9/H34} -> 16.953488
A35: 총합 | C35: {=SUM(C29:C34)} -> 3 | D35: {=SUM(D29:D34)} -> 6 | E35: {=SUM(E29:E34)} -> 0 | F35: {=SUM(F29:F34)} -> 281 | G35: {=SUM(G29:G34)} -> 219 | H35: {=SUM(H29:H34)} -> 39.333333 | I35: {=SUM(I29:I34)} -> 76 | J35: {=SUM(J29:J34)} -> 3 | ... O35: {=SUM(O29:O34)} -> 64 | P35: {=O35*9/H35} -> 14.644068

Sheet 23년 디비전 리그(23')
A1: ◎ 23년 상반기 디비전리그
A2: 1. 타자 기록
A3: 선수명 | B3: 경기 | C3: 타율 | D3: 타석 | E3: 타수 | F3: 안타 | G3: 1루타 | H3: 2루타 | I3: 3루타 | J3: 홈런 | K3: 득점 | L3: 타점 | M3: 도루 | N3: 사사구 | O3: 삼진 | P3: 장타율 | Q3: 출루율 | R3: OPS
A4: 권강현 | B4: 1 | C4: 0 | D4: 0 | E4: 0 | F4: 0 | G4: {=F4-(H4+I4+J4)} -> 0 | H4: 0 | I4: 0 | J4: 0 | K4: 0 | L4: 0 | M4: 0 | N4: 0 | O4: 0 | P4: 0 | Q4: 0 | R4: {=Q4+P4} -> 0
A5: 권혁진 | B5: 4 | C5: {=F5/E5} -> 0 | D5: 4 | E5: 3 | F5: 0 | G5: {=F5-(H5+I5+J5)} -> 0 | H5: 0 | I5: 0 | J5: 0 | K5: 0 | L5: 0 | M5: 0 | N5: 0 | O5: 1 | P5: {=(G5*1+H5*2+I5*3+J5*4)/E5} -> 0 | Q5: 0 | R5: {=Q5+P5} -> 0
A6: 김기태 | B6: 5 | C6: {=F6/E6} -> 0.44444444 | D6: 11 | E6: 9 | F6: 4 | G6: {=F6-(H6+I6+J6)} -> 4 | H6: 0 | I6: 0 | J6: 0 | K6: 4 | L6: 3 | M6: 3 | N6: 0 | O6: 0 | P6: {=(G6*1+H6*2+I6*3+J6*4)/E6} -> 0.44444444 | Q6: 0.5 | R6: {=Q6+P6} -> 0.94444444
A7: 김민석 | B7: 0 | C7: 0 | D7: 0 | E7: 0 | F7: 0 | G7: {=F7-(H7+I7+J7)} -> 0 | H7: 0 | I7: 0 | J7: 0 | K7: 0 | L7: 0 | M7: 0 | N7: 0 | O7: 0 | P7: 0 | Q7: 0 | R7: {=Q7+P7} -> 0
A8: 김범희 | B8: 5 | C8: {=F8/E8} -> 0.33333333 | D8: 10 | E8: 9 | F8: 3 | G8: {=F8-(H8+I8+J8)} -> 2 | H8: 1 | I8: 0 | J8: 0 | K8: 1 | L8: 4 | M8: 1 | N8: 0 | O8: 4 | P8: {=(G8*1+H8*2+I8*3+J8*4)/E8} -> 0.44444444 | Q8: 0.364 | R8: {=Q8+P8} -> 0.80844444
A9: 김병진 | B9: 2 | C9: {=F9/E9} -> 0.33333333 | D9: 3 | E9: 3 | F9: 1 | G9: {=F9-(H9+I9+J9)} -> 1 | H9: 0 | I9: 0 | J9: 0 | K9: 1 | L9: 1 | M9: 0 | N9: 0 | O9: 1 | P9: {=(G9*1+H9*2+I9*3+J9*4)/E9} -> 0.33333333 | Q9: 0.4 | R9: {=Q9+P9} -> 0.73333333
A10: 김재영 | B10: 5 | C10: {=F10/E10} -> 0.58333333 | D10: 14 | E10: 12 | F10: 7 | G10: {=F10-(H10+I10+J10)} -> 5 | H10: 1 | I10: 1 | J10: 0 | K10: 6 | L10: 3 | M10: 9 | N10: 0 | O10: 1 | P10: {=(G10*1+H10*2+I10*3+J10*4)/E10} -> 0.83333333 | Q10: 0.563 | R10: {=Q10+P10} -> 1.3963333
A11: 김태양 | B11: 1 | C11: {=F11/E11} -> 0 | D11: 2 | E11: 2 | F11: 0 | G11: {=F11-(H11+I11+J11)} -> 0 | H11: 0 | I11: 0 | J11: 0 | K11: 0 | L11: 0 | M11: 0 | N11: 0 | O11: 0 | P11: {=(G11*1+H11*2+I11*3+J11*4)/E11} -> 0 | Q11: 0 | R11: {=Q11+P11} -> 0
A12: 김현철 | B12: 3 | C12: {=F12/E12} -> 0 | D12: 6 | E12: 3 | F12: 0 | G12: {=F12-(H12+I12+J12)} -> 0 | H12: 0 | I12: 0 | J12: 0 | K12: 1 | L12: 1 | M12: 0 | N12: 0 | O12: 1 | P12: {=(G12*1+H12*2+I12*3+J12*4)/E12} -> 0 | Q12: 0.167 | R12: {=Q12+P12} -> 0.167
A13: 김형준 | B13: 4 | C13: {=F13/E13} -> 0.83333333 | D13: 12 | E13: 12 | F13: 10 | G13: {=F13-(H13+I13+J13)} -> 6 | H13: 4 | I13: 0 | J13: 0 | K13: 5 | L13: 1 | M13: 3 | N13: 0 | O13: 0 | P13: {=(G13*1+H13*2+I13*3+J13*4)/E13} -> 1.1666667 | Q13: 0.846 | R13: {=Q13+P13} -> 2.0126667
A14: 김희제 | B14: 0 | C14: 0 | D14: 0 | E14: 0 | F14: 0 | G14: {=F14-(H14+I14+J14)} -> 0 | H14: 0 | I14: 0 | J14: 0 | K14: 0 | L14: 0 | M14: 0 | N14: 0 | O14: 0 | P14: 0 | Q14: 0 | R14: {=Q14+P14} -> 0
A15: 남동수 | B15: 1 | C15: {=F15/E15} -> 0 | D15: 3 | E15: 1 | F15: 0 | G15: {=F15-(H15+I15+J15)} -> 0 | H15: 0 | I15: 0 | J15: 0 | K15: 1 | L15: 1 | M15: 0 | N15: 0 | O15: 0 | P15: {=(G15*1+H15*2+I15*3+J15*4)/E15} -> 0 | Q15: 0 | R15: {=Q15+P15} -> 0
A16: 류동현 | B16: 2 | C16: {=F16/E16} -> 0.66666667 | D16: 3 | E16: 3 | F16: 2 | G16: {=F16-(H16+I16+J16)} -> 1 | H16: 1 | I16: 0 | J16: 0 | K16: 1 | L16: 2 | M16: 1 | N16: 0 | O16: 1 | P16: {=(G16*1+H16*2+I16*3+J16*4)/E16} -> 1 | Q16: 0.667 | R16: {=Q16+P16} -> 1.667
A17: 박영준 | B17: 2 | C17: {=F17/E17} -> 0.42857143 | D17: 7 | E17: 7 | F17: 3 | G17: {=F17-(H17+I17+J17)} -> 2 | H17: 1 | I17: 0 | J17: 0 | K17: 1 | L17: 2 | M17: 0 | N17: 0 | O17: 3 | P17: {=(G17*1+H17*2+I17*3+J17*4)/E17} -> 0.57142857 | Q17: 0 | R17: {=Q17+P17} -> 0.57142857
A18: 박재현 | B18: 3 | C18: {=F18/E18} -> 0.4 | D18: 6 | E18: 5 | F18: 2 | G18: {=F18-(H18+I18+J18)} -> 1 | H18: 0 | I18: 1 | J18: 0 | K18: 2 | L18: 1 | M18: 2 | N18: 0 | O18: 1 | P18: {=(G18*1+H18*2+I18*3+J18*4)/E18} -> 0.8 | Q18: 0.385 | R18: {=Q18+P18} -> 1.185
A19: 백정철 | B19: 2 | C19: {=F19/E19} -> 0.5 | D19: 4 | E19: 4 | F19: 2 | G19: {=F19-(H19+I19+J19)} -> 2 | H19: 0 | I19: 0 | J19: 0 | K19: 2 | L19: 1 | M19: 1 | N19: 0 | O19: 0 | P19: {=(G19*1+H19*2+I19*3+J19*4)/E19} -> 0.5 | Q19: 0.5 | R19: {=Q19+P19} -> 1
A20: 이동진 | B20: 4 | C20: {=F20/E20} -> 0 | D20: 7 | E20: 7 | F20: 0 | G20: {=F20-(H20+I20+J20)} -> 0 | H20: 0 | I20: 0 | J20: 0 | K20: 0 | L20: 0 | M20: 0 | N20: 0 | O20: 7 | P20: {=(G20*1+H20*2+I20*3+J20*4)/E20} -> 0 | Q20: 0 | R20: {=Q20+P20} -> 0
A21: 이철민 | B21: 3 | C21: {=F21/E21} -> 0 | D21: 4 | E21: 4 | F21: 0 | G21: {=F21-(H21+I21+J21)} -> 0 | H21: 0 | I21: 0 | J21: 0 | K21: 1 | L21: 0 | M21: 1 | N21: 0 | O21: 3 | P21: {=(G21*1+H21*2+I21*3+J21*4)/E21} -> 0 | Q21: 0.2 | R21: {=Q21+P21} -> 0.2
A22: 임지헌 | B22: 1 | C22: {=F22/E22} -> 0 | D22: 3 | E22: 2 | F22: 0 | G22: {=F22-(H22+I22+J22)} -> 0 | H22: 0 | I22: 0 | J22: 0 | K22: 1 | L22: 0 | M22: 2 | N22: 0 | O22: 1 | P22: {=(G22*1+H22*2+I22*3+J22*4)/E22} -> 0 | Q22: 0 | R22: {=Q22+P22} -> 0
A23: 조태형 | B23: 4 | C23: {=F23/E23} -> 0.2 | D23: 10 | E23: 10 | F23: 2 | G23: {=F23-(H23+I23+J23)} -> 1 | H23: 1 | I23: 0 | J23: 0 | K23: 1 | L23: 2 | M23: 1 | N23: 0 | O23: 2 | P23: {=(G23*1+H23*2+I23*3+J23*4)/E23} -> 0.3 | Q23: 0.2 | R23: {=Q23+P23} -> 0.5
A24: 차현철 | B24: 2 | C24: {=F24/E24} -> 0.25 | D24: 7 | E24: 4 | F24: 1 | G24: {=F24-(H24+I24+J24)} -> 1 | H24: 0 | I24: 0 | J24: 0 | K24: 2 | L24: 0 | M24: 2 | N24: 0 | O24: 2 | P24: 0.2 | Q24: 0.2 | R24: {=Q24+P24} -> 0.4
A25: 총합 | C25: {=F25/E25} -> 0.37 | D25: {=SUM(D4:D24)} -> 116 | E25: {=SUM(E4:E24)} -> 100 | F25: {=SUM(F4:F24)} -> 37 | G25: {=SUM(G4:G24)} -> 26 | H25: {=SUM(H4:H24)} -> 9 | I25: {=SUM(I4:I24)} -> 2 | J25: {=SUM(J4:J24)} -> 0 | K25: {=SUM(K4:K24)} -> 30 | ... O25: {=SUM(O4:O24)} -> 28
A27: 2. 투수 기록
A28: 선수명 | B28: 경기 | C28: 승 | D28: 패 | E28: 세이브 | F28: 타자 | G28: 타수 | H28: 이닝 | I28: 피안타 | J28: 피홈런 | K28: 볼넷 | L28: 사구 | M28: 삼진 | N28: 실점 | O28: 자책 | P28: 방어율
A29: 권강현 | B29: 3 | C29: 0 | D29: 1 | E29: 0 | F29: 21 | G29: {=F29-K29-L29} -> 8 | H29: 1 | I29: 5 | J29: 0 | K29: 11 | L29: 2 | M29: 0 | N29: 15 | O29: 8 | P29: {=O29*9/H29} -> 72
A30: 김병진 | B30: 0 | C30: 0 | D30: 0 | E30: 0 | F30: 0 | G30: {=F30-K30-L30} -> 0 | H30: 0 | I30: 0 | J30: 0 | K30: 0 | L30: 0 | M30: 0 | N30: 0 | O30: 0 | P30: 0
A31: 김형준 | B31: 4 | C31: 0 | D31: 1 | E31: 0 | F31: 20 | G31: {=F31-K31-L31} -> 15 | H31: 3 | I31: 5 | J31: 0 | K31: 4 | L31: 1 | M31: 3 | N31: 4 | O31: 3 | P31: {=O31*9/H31} -> 9
A32: 류동현 | B32: 2 | C32: 0 | D32: 1 | E32: 0 | F32: 32 | G32: {=F32-K32-L32} -> 26 | H32: 4 | I32: 12 | J32: 0 | K32: 6 | L32: 0 | M32: 5 | N32: 15 | O32: 13 | P32: {=O32*9/H32} -> 29.25
A33: 박영준 | B33: 1 | C33: 0 | D33: 0 | E33: 0 | F33: 3 | G33: {=F33-K33-L33} -> 2 | H33: 0.3333333 | I33: 1 | J33: 0 | K33: 1 | L33: 0 | M33: 1 | N33: 0 | O33: 0 | P33: {=O33*9/H33} -> 0
A34: 임지헌 | B34: 1 | C34: 0 | D34: 0 | E34: 0 | F34: 14 | G34: {=F34-K34-L34} -> 6 | H34: 1.6666667 | I34: 2 | J34: 0 | K34: 8 | L34: 0 | M34: 0 | N34: 6 | O34: 1 | P34: {=O34*9/H34} -> 5.4
A35: 조태형 | B35: 5 | C35: 0 | D35: 2 | E35: 0 | F35: 77 | G35: {=F35-K35-L35} -> 55 | H35: 7.3333333 | I35: 27 | J35: 0 | K35: 20 | L35: 2 | M35: 7 | N35: 40 | O35: 33 | P35: {=O35*9/H35} -> 40.5
A36: 총합 | C36: {=SUM(C29:C35)} -> 0 | D36: {=SUM(D29:D35)} -> 5 | E36: {=SUM(E29:E35)} -> 0 | F36: {=SUM(F29:F35)} -> 167 | G36: {=SUM(G29:G35)} -> 112 | H36: {=SUM(H29:H35)} -> 17.333333 | I36: {=SUM(I29:I35)} -> 52 | J36: {=SUM(J29:J35)} -> 0 | ... O36: {=SUM(O29:O35)} -> 58 | P36: {=O36*9/H36} -> 30.115385

Sheet 25년 시즌
A1: ◎ '25시즌 Rascal 성적
A2: 1. 타자 기록
A3: 선수명 | B3: 게임수 | C3: 타율 | D3: 타석 | E3: 타수 | F3: 안타 | G3: 1루타 | H3: 2루타 | I3: 3루타 | J3: 홈런 | K3: 득점 | L3: 타점 | M3: 도루 | N3: 사사구 | O3: 삼진 | P3: 삼진율 | Q3: 장타율 | R3: 출루율 | S3: OPS | T3: 아웃 比 삼진율 | U3: 출루율 등수 | V3: OPS 등수 | W3: 타율 등수 | Y3: 4구 | Z3: 사구 | AA3: 타격방해 | AB3: 실책 | AC3: Fine Play
A4: 김재영 | B4: 16 | C4: {=F4/E4} -> 0.60869565 | D4: 56 | E4: 46 | F4: 28 | G4: 20 | H4: 4 | I4: 2 | J4: 2 | K4: 35 | L4: 22 | M4: 29 | N4: 7 | O4: 4 | P4: {=O4/D4} -> 0.071428571 | Q4: {=(G4*1+H4*2+I4*3+J4*4)/E4} -> 0.91304348 | R4: {=(F4+N4)/D4} -> 0.625 | S4: {=R4+Q4} -> 1.5380435 | T4: {=O4/(D4-(F4+N4))} -> 0.19047619 | U4: {=RANK(R4,$R$4:$R$26)} -> 2 | V4: {=RANK(S4,$S$4:$S$26)} -> 1 | W4: {=RANK(C4,$C$4:$C$26)} -> 1 | Y4: 0 | Z4: 2 | AA4: 0 | AB4: 0 | AC4: 0
A5: 김기태 | B5: 17 | C5: {=F5/E5} -> 0.52083333 | D5: 58 | E5: 48 | F5: 25 | G5: 11 | H5: 11 | I5: 2 | J5: 1 | K5: 26 | L5: 24 | M5: 17 | N5: 7 | O5: 3 | P5: {=O5/D5} -> 0.051724138 | Q5: {=(G5*1+H5*2+I5*3+J5*4)/E5} -> 0.89583333 | R5: {=(F5+N5)/D5} -> 0.55172414 | S5: {=R5+Q5} -> 1.4475575 | T5: {=O5/(D5-(F5+N5))} -> 0.11538462 | U5: {=RANK(R5,$R$4:$R$26)} -> 5 | V5: {=RANK(S5,$S$4:$S$26)} -> 2 | W5: {=RANK(C5,$C$4:$C$26)} -> 2 | Y5: 0 | Z5: 2 | AA5: 0 | AB5: 0 | AC5: 0
A6: 김형준 | B6: 14 | C6: {=F6/E6} -> 0.47368421 | D6: 42 | E6: 38 | F6: 18 | G6: 9 | H6: 8 | I6: 1 | J6: 0 | K6: 18 | L6: 18 | M6: 11 | N6: 4 | O6: 3 | P6: {=O6/D6} -> 0.071428571 | Q6: {=(G6*1+H6*2+I6*3+J6*4)/E6} -> 0.73684211 | R6: {=(F6+N6)/D6} -> 0.52380952 | S6: {=R6+Q6} -> 1.2606516 | T6: {=O6/(D6-(F6+N6))} -> 0.15 | U6: {=RANK(R6,$R$4:$R$26)} -> 10 | V6: {=RANK(S6,$S$4:$S$26)} -> 4 | W6: {=RANK(C6,$C$4:$C$26)} -> 3 | Y6: 2 | Z6: 1 | AA6: 0 | AB6: 0 | AC6: 0
A7: 권강현 | B7: 11 | C7: {=F7/E7} -> 0.47058824 | D7: 20 | E7: 17 | F7: 8 | G7: 6 | H7: 1 | I7: 1 | J7: 0 | K7: 7 | L7: 5 | M7: 8 | N7: 3 | O7: 6 | P7: {=O7/D7} -> 0.3 | Q7: {=(G7*1+H7*2+I7*3+J7*4)/E7} -> 0.64705882 | R7: {=(F7+N7)/D7} -> 0.55 | S7: {=R7+Q7} -> 1.1970588 | T7: {=O7/(D7-(F7+N7))} -> 0.66666667 | U7: {=RANK(R7,$R$4:$R$26)} -> 6 | V7: {=RANK(S7,$S$4:$S$26)} -> 6 | W7: {=RANK(C7,$C$4:$C$26)} -> 4 | Y7: 2 | Z7: 1 | AA7: 0 | AB7: 0 | AC7: 0
A8: 김병진 | B8: 9 | C8: {=F8/E8} -> 0.46153846 | D8: 16 | E8: 13 | F8: 6 | G8: 6 | H8: 0 | I8: 0 | J8: 0 | K8: 6 | L8: 3 | M8: 2 | N8: 2 | O8: 2 | P8: {=O8/D8} -> 0.125 | Q8: {=(G8*1+H8*2+I8*3+J8*4)/E8} -> 0.46153846 | R8: {=(F8+N8)/D8} -> 0.5 | S8: {=R8+Q8} -> 0.96153846 | T8: {=O8/(D8-(F8+N8))} -> 0.25 | U8: {=RANK(R8,$R$4:$R$26)} -> 11 | V8: {=RANK(S8,$S$4:$S$26)} -> 12 | W8: {=RANK(C8,$C$4:$C$26)} -> 5 | Y8: 1 | Z8: 1 | AA8: 0 | AB8: 0 | AC8: 0
A9: 박영준 | B9: 13 | C9: {=F9/E9} -> 0.43478261 | D9: 30 | E9: 23 | F9: 10 | G9: 7 | H9: 3 | I9: 0 | J9: 0 | K9: 10 | L9: 7 | M9: 16 | N9: 6 | O9: 7 | P9: {=O9/D9} -> 0.23333333 | Q9: {=(G9*1+H9*2+I9*3+J9*4)/E9} -> 0.56521739 | R9: {=(F9+N9)/D9} -> 0.53333333 | S9: {=R9+Q9} -> 1.0985507 | T9: {=O9/(D9-(F9+N9))} -> 0.5 | U9: {=RANK(R9,$R$4:$R$26)} -> 7 | V9: {=RANK(S9,$S$4:$S$26)} -> 8 | W9: {=RANK(C9,$C$4:$C$26)} -> 6 | Y9: 1 | Z9: 2 | AA9: 0 | AB9: 0 | AC9: 0
A10: 조태형 | B10: 22 | C10: {=F10/E10} -> 0.43137255 | D10: 62 | E10: 51 | F10: 22 | G10: 17 | H10: 5 | I10: 0 | J10: 0 | K10: 15 | L10: 19 | M10: 18 | N10: 11 | O10: 3 | P10: {=O10/D10} -> 0.048387097 | Q10: {=(G10*1+H10*2+I10*3+J10*4)/E10} -> 0.52941176 | R10: {=(F10+N10)/D10} -> 0.53225806 | S10: {=R10+Q10} -> 1.0616698 | T10: {=O10/(D10-(F10+N10))} -> 0.10344828 | U10: {=RANK(R10,$R$4:$R$26)} -> 9 | V10: {=RANK(S10,$S$4:$S$26)} -> 9 | W10: {=RANK(C10,$C$4:$C$26)} -> 7 | Y10: 6 | Z10: 2 | AA10: 0 | AB10: 0 | AC10: 0
A11: 김범희 | B11: 18 | C11: {=F11/E11} -> 0.42857143 | D11: 37 | E11: 21 | F11: 9 | G11: 9 | H11: 1 | I11: 1 | J11: 0 | K11: 16 | L11: 8 | M11: 16 | N11: 15 | O11: 5 | P11: {=O11/D11} -> 0.13513514 | Q11: {=(G11*1+H11*2+I11*3+J11*4)/E11} -> 0.66666667 | R11: {=(F11+N11)/D11} -> 0.64864865 | S11: {=R11+Q11} -> 1.3153153 | T11: {=O11/(D11-(F11+N11))} -> 0.38461538 | U11: {=RANK(R11,$R$4:$R$26)} -> 1 | V11: {=RANK(S11,$S$4:$S$26)} -> 3 | W11: {=RANK(C11,$C$4:$C$26)} -> 8 | Y11: 7 | Z11: 1 | AA11: 0 | AB11: 0 | AC11: 0
A12: 김태양 | B12: 16 | C12: {=F12/E12} -> 0.425 | D12: 52 | E12: 40 | F12: 17 | G12: 16 | H12: 1 | I12: 0 | J12: 0 | K12: 21 | L12: 10 | M12: 13 | N12: 12 | O12: 8 | P12: {=O12/D12} -> 0.15384615 | Q12: {=(G12*1+H12*2+I12*3+J12*4)/E12} -> 0.45 | R12: {=(F12+N12)/D12} -> 0.55769231 | S12: {=R12+Q12} -> 1.0076923 | T12: {=O12/(D12-(F12+N12))} -> 0.34782609 | U12: {=RANK(R12,$R$4:$R$26)} -> 4 | V12: {=RANK(S12,$S$4:$S$26)} -> 10 | W12: {=RANK(C12,$C$4:$C$26)} -> 9 | Y12: 7 | Z12: 0 | AA12: 0 | AB12: 0 | AC12: 0
A13: 이동진 | B13: 8 | C13: {=F13/E13} -> 0.41666667 | D13: 15 | E13: 12 | F13: 5 | G13: 3 | H13: 1 | I13: 1 | J13: 0 | K13: 5 | L13: 6 | M13: 4 | N13: 3 | O13: 2 | P13: {=O13/D13} -> 0.13333333 | Q13: {=(G13*1+H13*2+I13*3+J13*4)/E13} -> 0.66666667 | R13: {=(F13+N13)/D13} -> 0.53333333 | S13: {=R13+Q13} -> 1.2 | T13: {=O13/(D13-(F13+N13))} -> 0.28571429 | U13: {=RANK(R13,$R$4:$R$26)} -> 7 | V13: {=RANK(S13,$S$4:$S$26)} -> 5 | W13: {=RANK(C13,$C$4:$C$26)} -> 10 | Y13: 1 | Z13: 1 | AA13: 0 | AB13: 0 | AC13: 0
A14: 윤태규 | B14: 7 | C14: {=F14/E14} -> 0.41176471 | D14: 20 | E14: 17 | F14: 7 | G14: 6 | H14: 1 | I14: 0 | J14: 0 | K14: 5 | L14: 9 | M14: 3 | N14: 3 | O14: 1 | P14: {=O14/D14} -> 0.05 | Q14: {=(G14*1+H14*2+I14*3+J14*4)/E14} -> 0.47058824 | R14: {=(F14+N14)/D14} -> 0.5 | S14: {=R14+Q14} -> 0.97058824 | T14: {=O14/(D14-(F14+N14))} -> 0.1 | U14: {=RANK(R14,$R$4:$R$26)} -> 11 | V14: {=RANK(S14,$S$4:$S$26)} -> 11 | W14: {=RANK(C14,$C$4:$C$26)} -> 11
A15: 김현철 | B15: 12 | C15: {=F15/E15} -> 0.4 | D15: 29 | E15: 25 | F15: 10 | G15: 10 | H15: 0 | I15: 0 | J15: 0 | K15: 9 | L15: 7 | M15: 4 | N15: 3 | O15: 1 | P15: {=O15/D15} -> 0.034482759 | Q15: {=(G15*1+H15*2+I15*3+J15*4)/E15} -> 0.4 | R15: {=(F15+N15)/D15} -> 0.44827586 | S15: {=R15+Q15} -> 0.84827586 | T15: {=O15/(D15-(F15+N15))} -> 0.0625 | U15: {=RANK(R15,$R$4:$R$26)} -> 17 | V15: {=RANK(S15,$S$4:$S$26)} -> 14 | W15: {=RANK(C15,$C$4:$C$26)} -> 12 | Y15: 3 | Z15: 0 | AA15: 0 | AB15: 0 | AC15: 0
A16: 박재현 | B16: 8 | C16: {=F16/E16} -> 0.36363636 | D16: 16 | E16: 11 | F16: 4 | G16: 2 | H16: 2 | I16: 0 | J16: 0 | K16: 7 | L16: 3 | M16: 3 | N16: 5 | O16: 0 | P16: {=O16/D16} -> 0 | Q16: {=(G16*1+H16*2+I16*3+J16*4)/E16} -> 0.54545455 | R16: {=(F16+N16)/D16} -> 0.5625 | S16: {=R16+Q16} -> 1.1079545 | T16: {=O16/(D16-(F16+N16))} -> 0 | U16: {=RANK(R16,$R$4:$R$26)} -> 3 | V16: {=RANK(S16,$S$4:$S$26)} -> 7 | W16: {=RANK(C16,$C$4:$C$26)} -> 13 | Y16: 1 | Z16: 0 | AA16: 0 | AB16: 0 | AC16: 0
A17: 남동수 | B17: 15 | C17: {=F17/E17} -> 0.33333333 | D17: 29 | E17: 21 | F17: 7 | G17: 7 | H17: 0 | I17: 0 | J17: 0 | K17: 10 | L17: 4 | M17: 10 | N17: 7 | O17: 6 | P17: {=O17/D17} -> 0.20689655 | Q17: {=(G17*1+H17*2+I17*3+J17*4)/E17} -> 0.33333333 | R17: {=(F17+N17)/D17} -> 0.48275862 | S17: {=R17+Q17} -> 0.81609195 | T17: {=O17/(D17-(F17+N17))} -> 0.4 | U17: {=RANK(R17,$R$4:$R$26)} -> 15 | V17: {=RANK(S17,$S$4:$S$26)} -> 15 | W17: {=RANK(C17,$C$4:$C$26)} -> 14 | Y17: 4 | Z17: 2 | AA17: 0 | AB17: 0 | AC17: 0
A18: 백정철 | B18: 15 | C18: {=F18/E18} -> 0.33333333 | D18: 36 | E18: 30 | F18: 10 | G18: 9 | H18: 1 | I18: 0 | J18: 0 | K18: 6 | L18: 6 | M18: 3 | N18: 4 | O18: 6 | P18: {=O18/D18} -> 0.16666667 | Q18: {=(G18*1+H18*2+I18*3+J18*4)/E18} -> 0.36666667 | R18: {=(F18+N18)/D18} -> 0.38888889 | S18: {=R18+Q18} -> 0.75555556 | T18: {=O18/(D18-(F18+N18))} -> 0.27272727 | U18: {=RANK(R18,$R$4:$R$26)} -> 18 | V18: {=RANK(S18,$S$4:$S$26)} -> 19 | W18: {=RANK(C18,$C$4:$C$26)} -> 14 | Y18: 3 | Z18: 0 | AA18: 0 | AB18: 0 | AC18: 0
A19: 주혁진 | B19: 8 | C19: {=F19/E19} -> 0.3 | D19: 25 | E19: 20 | F19: 6 | G19: 3 | H19: 1 | I19: 1 | J19: 1 | K19: 7 | L19: 10 | M19: 5 | N19: 3 | O19: 3 | P19: {=O19/D19} -> 0.12 | Q19: {=(G19*1+H19*2+I19*3+J19*4)/E19} -> 0.6 | R19: {=(F19+N19)/D19} -> 0.36 | S19: {=R19+Q19} -> 0.96 | T19: {=O19/(D19-(F19+N19))} -> 0.1875 | U19: {=RANK(R19,$R$4:$R$26)} -> 20 | V19: {=RANK(S19,$S$4:$S$26)} -> 13 | W19: {=RANK(C19,$C$4:$C$26)} -> 16
A20: 류동현 | B20: 9 | C20: {=F20/E20} -> 0.29411765 | D20: 20 | E20: 17 | F20: 5 | G20: 5 | H20: 0 | I20: 0 | J20: 0 | K20: 4 | L20: 2 | M20: 3 | N20: 2 | O20: 2 | P20: {=O20/D20} -> 0.1 | Q20: {=(G20*1+H20*2+I20*3+J20*4)/E20} -> 0.29411765 | R20: {=(F20+N20)/D20} -> 0.35 | S20: {=R20+Q20} -> 0.64411765 | T20: {=O20/(D20-(F20+N20))} -> 0.15384615 | U20: {=RANK(R20,$R$4:$R$26)} -> 21 | V20: {=RANK(S20,$S$4:$S$26)} -> 20 | W20: {=RANK(C20,$C$4:$C$26)} -> 17 | Y20: 2 | Z20: 0 | AA20: 0 | AB20: 0 | AC20: 0
A21: 차현철 | B21: 16 | C21: {=F21/E21} -> 0.27777778 | D21: 47 | E21: 36 | F21: 10 | G21: 6 | H21: 3 | I21: 1 | J21: 0 | K21: 14 | L21: 11 | M21: 11 | N21: 8 | O21: 6 | P21: {=O21/D21} -> 0.12765957 | Q21: {=(G21*1+H21*2+I21*3+J21*4)/E21} -> 0.41666667 | R21: {=(F21+N21)/D21} -> 0.38297872 | S21: {=R21+Q21} -> 0.79964539 | T21: {=O21/(D21-(F21+N21))} -> 0.20689655 | U21: {=RANK(R21,$R$4:$R$26)} -> 19 | V21: {=RANK(S21,$S$4:$S$26)} -> 16 | W21: {=RANK(C21,$C$4:$C$26)} -> 18 | Y21: 6 | Z21: 0 | AA21: 2 | AB21: 0 | AC21: 0
A22: 김상훈 | B22: 8 | C22: {=F22/E22} -> 0.27272727 | D22: 16 | E22: 11 | F22: 3 | G22: 3 | H22: 0 | I22: 0 | J22: 0 | K22: 4 | L22: 4 | M22: 6 | N22: 5 | O22: 5 | P22: {=O22/D22} -> 0.3125 | Q22: {=(G22*1+H22*2+I22*3+J22*4)/E22} -> 0.27272727 | R22: {=(F22+N22)/D22} -> 0.5 | S22: {=R22+Q22} -> 0.77272727 | T22: {=O22/(D22-(F22+N22))} -> 0.625 | U22: {=RANK(R22,$R$4:$R$26)} -> 11 | V22: {=RANK(S22,$S$4:$S$26)} -> 17 | W22: {=RANK(C22,$C$4:$C$26)} -> 19 | Y22: 5 | Z22: 0 | AA22: 0 | AB22: 0 | AC22: 0
A23: 임지헌 | B23: 6 | C23: {=F23/E23} -> 0.2 | D23: 15 | E23: 10 | F23: 2 | G23: 1 | H23: 1 | I23: 0 | J23: 0 | K23: 2 | L23: 0 | M23: 1 | N23: 5 | O23: 4 | P23: {=O23/D23} -> 0.26666667 | Q23: {=(G23*1+H23*2+I23*3+J23*4)/E23} -> 0.3 | R23: {=(F23+N23)/D23} -> 0.46666667 | S23: {=R23+Q23} -> 0.76666667 | T23: {=O23/(D23-(F23+N23))} -> 0.5 | U23: {=RANK(R23,$R$4:$R$26)} -> 16 | V23: {=RANK(S23,$S$4:$S$26)} -> 18 | W23: {=RANK(C23,$C$4:$C$26)} -> 20 | Y23: 5 | Z23: 0 | AA23: 0 | AB23: 0 | AC23: 0
A24: 권혁진 | B24: 8 | C24: {=F24/E24} -> 0.11111111 | D24: 16 | E24: 9 | F24: 1 | G24: 1 | H24: 0 | I24: 0 | J24: 0 | K24: 3 | L24: 1 | M24: 1 | N24: 7 | O24: 6 | P24: {=O24/D24} -> 0.375 | Q24: {=(G24*1+H24*2+I24*3+J24*4)/E24} -> 0.11111111 | R24: {=(F24+N24)/D24} -> 0.5 | S24: {=R24+Q24} -> 0.61111111 | T24: {=O24/(D24-(F24+N24))} -> 0.75 | U24: {=RANK(R24,$R$4:$R$26)} -> 11 | V24: {=RANK(S24,$S$4:$S$26)} -> 21 | W24: {=RANK(C24,$C$4:$C$26)} -> 21 | Y24: 4 | Z24: 3 | AA24: 0 | AB24: 0 | AC24: 0
A25: 김민석 | B25: 1 | C25: {=F25/E25} -> 0 | D25: 2 | E25: 2 | F25: 0 | G25: 0 | H25: 0 | I25: 0 | J25: 0 | K25: 0 | L25: 0 | M25: 0 | N25: 0 | O25: 1 | P25: {=O25/D25} -> 0.5 | Q25: {=(G25*1+H25*2+I25*3+J25*4)/E25} -> 0 | R25: {=(F25+N25)/D25} -> 0 | S25: {=R25+Q25} -> 0 | T25: {=O25/(D25-(F25+N25))} -> 0.5 | U25: {=RANK(R25,$R$4:$R$26)} -> 22 | V25: {=RANK(S25,$S$4:$S$26)} -> 22 | W25: {=RANK(C25,$C$4:$C$26)} -> 22 | Y25: 0 | Z25: 0 | AA25: 0 | AB25: 0 | AC25: 0
A26: 이철민 | B26: 2 | C26: {=F26/E26} -> 0 | D26: 4 | E26: 3 | F26: 0 | G26: 0 | H26: 0 | I26: 0 | J26: 0 | K26: 0 | L26: 0 | M26: 2 | N26: 1 | O26: 0 | W26: {=RANK(C26,$C$4:$C$26)} -> 22 | Y26: 1 | Z26: 0 | AA26: 0 | AB26: 0 | AC26: 0
A27: 총합 | C27: {=F27/E27} -> 0.40882917 | D27: {=SUM(D4:D26)} -> 663 | E27: {=SUM(E4:E26)} -> 521 | F27: {=SUM(F4:F26)} -> 213 | G27: {=SUM(G4:G26)} -> 157 | H27: {=SUM(H4:H26)} -> 44 | I27: {=SUM(I4:I26)} -> 10 | J27: {=SUM(J4:J26)} -> 4 | K27: {=SUM(K4:K26)} -> 230 | ... O27: {=SUM(O4:O26)} -> 84 | P27: {=O27/D27} -> 0.12669683 | Y27: {=SUM(Y4:Y26)} -> 61 | Z27: {=SUM(Z4:Z26)} -> 18 | AA27: {=SUM(AA4:AA26)} -> 2 | AB27: {=SUM(AB4:AB26)} -> 0 | AC27: {=SUM(AC4:AC26)} -> 0
A29: 2. 투수 기록
A30: 이름 | B30: 게임수 | C30: 승 | D30: 패 | E30: 세 | F30: 타자 | G30: 타수 | H30: 이닝 | I30: 피안타 | J30: 피홈런 | K30: 볼넷 | L30: 사구 | M30: 탈삼진 | N30: 실점 | O30: 자책점 | P30: 방어율 | Q30: 제구 | R30: 피안타율 | S30: 경기당 평균 이닝 | T30: 이닝/K | U30: 수비성공률 | V30: WHIP | W30: 사사구 /100타자 | Y30: 폭투 | Z30: 보크
A31: 김병진 | B31: 11 | C31: 3 | D31: 0 | E31: 0 | F31: 175 | G31: 137 | H31: 28 | I31: 52 | J31: 1 | K31: 28 | L31: 9 | M31: 23 | N31: 48 | O31: 37 | P31: {=O31*9/H31} -> 11.892857 | Q31: {=(K31+L31)/H31} -> 1.3214286 | R31: {=I31/H31} -> 1.8571429 | S31: {=H31/B31} -> 2.5454545 | T31: {=M31/H31} -> 0.82142857 | U31: {=O31/N31} -> 0.77083333 | V31: {=(I31+K31+L31)/H31} -> 3.1785714 | W31: {=(L31+K31)/F31*100} -> 21.142857 | Y31: 1 | Z31: 0
A32: 김형준 | B32: 8 | C32: 4 | D32: 2 | E32: 0 | F32: 118 | G32: 103 | H32: 25 | I32: 25 | J32: 0 | K32: 12 | L32: 2 | M32: 29 | N32: 24 | O32: 11 | P32: {=O32*9/H32} -> 3.96 | Q32: {=(K32+L32)/H32} -> 0.56 | R32: {=I32/H32} -> 1 | S32: {=H32/B32} -> 3.125 | T32: {=M32/H32} -> 1.16 | U32: {=O32/N32} -> 0.45833333 | V32: {=(I32+K32+L32)/H32} -> 1.56 | W32: {=(L32+K32)/F32*100} -> 11.864407 | Y32: 0 | Z32: 0
A33: 조태형 | B33: 12 | C33: 2 | D33: 6 | E33: 0 | F33: 170 | G33: 119 | H33: 21.666667 | I33: 40 | J33: 1 | K33: 42 | L33: 7 | M33: 29 | N33: 75 | O33: 45 | P33: {=O33*9/H33} -> 18.692308 | Q33: {=(K33+L33)/H33} -> 2.2615385 | R33: {=I33/H33} -> 1.8461538 | S33: {=H33/B33} -> 1.8055556 | T33: {=M33/H33} -> 1.3384615 | U33: {=O33/N33} -> 0.6 | V33: {=(I33+K33+L33)/H33} -> 4.1076923 | W33: {=(L33+K33)/F33*100} -> 28.823529 | Y33: 7 | Z33: 0
A34: 류동현 | B34: 7 | C34: 2 | D34: 1 | E34: 0 | F34: 94 | G34: 64 | H34: 11.666667 | I34: 31 | J34: 1 | K34: 24 | L34: 4 | M34: 11 | N34: 36 | O34: 26 | P34: {=O34*9/H34} -> 20.057143 | Q34: {=(K34+L34)/H34} -> 2.4 | R34: {=I34/H34} -> 2.6571429 | S34: {=H34/B34} -> 1.6666667 | T34: {=M34/H34} -> 0.94285715 | U34: {=O34/N34} -> 0.72222222 | V34: {=(I34+K34+L34)/H34} -> 5.0571429 | W34: {=(L34+K34)/F34*100} -> 29.787234 | Y34: 0 | Z34: 0
A35: 박영준 | B35: 7 | C35: 0 | D35: 0 | E35: 0 | F35: 60 | G35: 49 | H35: 9.3333333 | I35: 20 | J35: 0 | K35: 9 | L35: 2 | M35: 10 | N35: 22 | O35: 19 | P35: {=O35*9/H35} -> 18.321429 | Q35: {=(K35+L35)/H35} -> 1.1785714 | R35: {=I35/H35} -> 2.1428571 | S35: {=H35/B35} -> 1.3333333 | T35: {=M35/H35} -> 1.0714286 | U35: {=O35/N35} -> 0.86363636 | V35: {=(I35+K35+L35)/H35} -> 3.3214286 | W35: {=(L35+K35)/F35*100} -> 18.333333 | Y35: 0 | Z35: 0
A36: 이동진 | B36: 7 | C36: 1 | D36: 2 | E36: 0 | F36: 68 | G36: 53 | H36: 7.3333327 | I36: 22 | J36: 0 | K36: 5 | L36: 9 | M36: 13 | N36: 34 | O36: 24 | P36: {=O36*9/H36} -> 29.454548 | Q36: {=(K36+L36)/H36} -> 1.9090911 | R36: {=I36/H36} -> 3.0000003 | S36: {=H36/B36} -> 1.047619 | T36: {=M36/H36} -> 1.7727274 | U36: {=O36/N36} -> 0.70588235 | V36: {=(I36+K36+L36)/H36} -> 4.9090914 | W36: {=(L36+K36)/F36*100} -> 20.588235 | Y36: 2 | Z36: 0
A37: 이철민 | B37: 1 | C37: 0 | D37: 0 | E37: 0 | F37: 5 | G37: 1 | H37: 0.33333333 | I37: 0 | J37: 0 | K37: 3 | L37: 1 | M37: 0 | N37: 4 | O37: 1 | P37: {=O37*9/H37} -> 27 | Q37: {=(K37+L37)/H37} -> 12 | R37: {=I37/H37} -> 0 | S37: {=H37/B37} -> 0.33333333 | T37: {=M37/H37} -> 0 | U37: {=O37/N37} -> 0.25 | V37: {=(I37+K37+L37)/H37} -> 12 | W37: {=(L37+K37)/F37*100} -> 80 | Y37: 0 | Z37: 0
A38: 권강현 | B38: 1 | C38: 0 | D38: 0 | E38: 0 | F38: 4 | G38: 2 | H38: 0.3333333 | I38: 1 | J38: 0 | K38: 1 | L38: 1 | M38: 1 | N38: 0 | O38: 0 | P38: {=O38*9/H38} -> 0 | Q38: {=(K38+L38)/H38} -> 6.0000006 | R38: {=I38/H38} -> 3.0000003 | S38: {=H38/B38} -> 0.3333333 | T38: {=M38/H38} -> 3.0000003 | U38: {=O38/N38} | V38: {=(I38+K38+L38)/H38} -> 9.0000009 | W38: {=(L38+K38)/F38*100} -> 50 | Y38: 0 | Z38: 0
A39: 김민석 | B39: 0 | C39: 0 | D39: 0 | E39: 0 | F39: 0 | G39: 0 | H39: 0 | I39: 0 | J39: 0 | K39: 0 | L39: 0 | M39: 0 | N39: 0 | O39: 0 | P39: {=99} -> 99 | Q39: {=(K39+L39)/H39} | R39: {=I39/H39} | S39: {=H39/B39} | T39: {=M39/H39} | U39: {=O39/N39} | V39: {=(I39+K39+L39)/H39} | W39: {=(L39+K39)/F39*100} | Y39: 0 | Z39: 0
A40: 남동수 | B40: 0 | C40: 0 | D40: 0 | E40: 0 | F40: 0 | G40: 0 | H40: 0 | I40: 0 | J40: 0 | K40: 0 | L40: 0 | M40: 0 | N40: 0 | O40: 0 | P40: 99 | Q40: {=(K40+L40)/H40} | R40: {=I40/H40} | S40: {=H40/B40} | T40: {=M40/H40} | U40: {=O40/N40} | V40: {=(I40+K40+L40)/H40} | W40: {=(L40+K40)/F40*100} | Y40: 0 | Z40: 0
A41: 임지헌 | B41: 0 | C41: 0 | D41: 0 | E41: 0 | F41: 0 | G41: 0 | H41: 0 | I41: 0 | J41: 0 | K41: 0 | L41: 0 | M41: 0 | N41: 0 | O41: 0 | P41: {=99} -> 99 | Q41: {=(K41+L41)/H41} | R41: {=I41/H41} | S41: {=H41/B41} | T41: {=M41/H41} | U41: {=O41/N41} | V41: {=(I41+K41+L41)/H41} | W41: {=(L41+K41)/F41*100} | Y41: 0 | Z41: 0
A42: 총합 | C42: {=SUM(C31:C41)} -> 12 | D42: {=SUM(D31:D41)} -> 11 | E42: {=SUM(E31:E41)} -> 0 | F42: {=SUM(F31:F41)} -> 694 | G42: {=SUM(G31:G41)} -> 528 | H42: {=SUM(H31:H41)} -> 103.66667 | I42: {=SUM(I31:I41)} -> 191 | J42: {=SUM(J31:J41)} -> 3 | ... O42: {=SUM(O31:O41)} -> 163 | P42: {=O42*9/H42} -> 14.151126 | Q42: {=(K42+L42)/H42} -> 1.5337621 | R42: {=I42/H42} -> 1.8424437 | T42: {=M42/H42} -> 1.1189711 | U42: {=O42/N42} -> 0.67078189 | V42: {=(I42+K42+L42)/H42} -> 3.3762058 | Y42: {=SUM(Y31:Y41)} -> 10 | Z42: {=SUM(Z31:Z41)} -> 0
J45: `

Sheet Score-Pitcher
A1: 표 1
A2: 이름 | B2: 이닝 | C2: 방어율 | D2: 삼진 | E2: 피안타율 | F2: 볼넷 | G2: 수비 | H2: WHIP | I2: 타자수 | J2: 타석수 | K2: 아웃수 | L2: 탈삼진수 | M2: 피안타수 | N2: 사사구수
A3: 김병진 | B3: {=ROUND('25년 시즌'!H31/MAX('25년 시즌'!$H$31:$H$37)*100,0)} -> 100 | C3: {=ROUND(MIN('25년 시즌'!$P$31:$P$37)/'25년 시즌'!P31*100,0)} -> 33 | D3: {=ROUND('25년 시즌'!M31/MAX('25년 시즌'!$M$31:$M$41)*100,0)} -> 79 | E3: {=ROUND(MIN('25년 시즌'!$R$31:$R$36)/'25년 시즌'!R31*100,0)} -> 54 | F3: {=ROUND(MIN('25년 시즌'!$W$31:$W$38/'25년 시즌'!W31*100),0)} -> 56 | I3: {='25년 시즌'!F31} -> 175 | J3: {='25년 시즌'!G31} -> 137 | K3: {=J3-L3-M3} -> 62 | L3: {='25년 시즌'!M31} -> 23 | M3: {='25년 시즌'!I31} -> 52 | N3: {='25년 시즌'!K31+'25년 시즌'!L31} -> 37
A4: 김형준 | B4: {=ROUND('25년 시즌'!H32/MAX('25년 시즌'!$H$31:$H$37)*100,0)} -> 89 | C4: {=ROUND(MIN('25년 시즌'!$P$31:$P$37)/'25년 시즌'!P32*100,0)} -> 100 | D4: {=ROUND('25년 시즌'!M32/MAX('25년 시즌'!$M$31:$M$41)*100,0)} -> 100 | E4: {=ROUND(MIN('25년 시즌'!$R$31:$R$36)/'25년 시즌'!R32*100,0)} -> 100 | F4: {=ROUND(MIN('25년 시즌'!$W$31:$W$38/'25년 시즌'!W32*100),0)} -> 100 | I4: {='25년 시즌'!F32} -> 118 | J4: {='25년 시즌'!G32} -> 103 | K4: {=J4-L4-M4} -> 49 | L4: {='25년 시즌'!M32} -> 29 | M4: {='25년 시즌'!I32} -> 25 | N4: {='25년 시즌'!K32+'25년 시즌'!L32} -> 14
A5: 조태형 | B5: {=ROUND('25년 시즌'!H33/MAX('25년 시즌'!$H$31:$H$37)*100,0)} -> 77 | C5: {=ROUND(MIN('25년 시즌'!$P$31:$P$37)/'25년 시즌'!P33*100,0)} -> 21 | D5: {=ROUND('25년 시즌'!M33/MAX('25년 시즌'!$M$31:$M$41)*100,0)} -> 100 | E5: {=ROUND(MIN('25년 시즌'!$R$31:$R$36)/'25년 시즌'!R33*100,0)} -> 54 | F5: {=ROUND(MIN('25년 시즌'!$W$31:$W$38/'25년 시즌'!W33*100),0)} -> 41 | I5: {='25년 시즌'!F33} -> 170 | J5: {='25년 시즌'!G33} -> 119 | K5: {=J5-L5-M5} -> 50 | L5: {='25년 시즌'!M33} -> 29 | M5: {='25년 시즌'!I33} -> 40 | N5: {='25년 시즌'!K33+'25년 시즌'!L33} -> 49
A6: 류동현 | B6: {=ROUND('25년 시즌'!H34/MAX('25년 시즌'!$H$31:$H$37)*100,0)} -> 42 | C6: {=ROUND(MIN('25년 시즌'!$P$31:$P$37)/'25년 시즌'!P34*100,0)} -> 20 | D6: {=ROUND('25년 시즌'!M34/MAX('25년 시즌'!$M$31:$M$41)*100,0)} -> 38 | E6: {=ROUND(MIN('25년 시즌'!$R$31:$R$36)/'25년 시즌'!R34*100,0)} -> 38 | F6: {=ROUND(MIN('25년 시즌'!$W$31:$W$38/'25년 시즌'!W34*100),0)} -> 40 | I6: {='25년 시즌'!F34} -> 94 | J6: {='25년 시즌'!G34} -> 64 | K6: {=J6-L6-M6} -> 22 | L6: {='25년 시즌'!M34} -> 11 | M6: {='25년 시즌'!I34} -> 31 | N6: {='25년 시즌'!K34+'25년 시즌'!L34} -> 28
A7: 박영준 | B7: {=ROUND('25년 시즌'!H35/MAX('25년 시즌'!$H$31:$H$37)*100,0)} -> 33 | C7: {=ROUND(MIN('25년 시즌'!$P$31:$P$37)/'25년 시즌'!P35*100,0)} -> 22 | D7: {=ROUND('25년 시즌'!M35/MAX('25년 시즌'!$M$31:$M$41)*100,0)} -> 34 | E7: {=ROUND(MIN('25년 시즌'!$R$31:$R$36)/'25년 시즌'!R35*100,0)} -> 47 | F7: {=ROUND(MIN('25년 시즌'!$W$31:$W$38/'25년 시즌'!W35*100),0)} -> 65 | I7: {='25년 시즌'!F35} -> 60 | J7: {='25년 시즌'!G35} -> 49 | K7: {=J7-L7-M7} -> 19 | L7: {='25년 시즌'!M35} -> 10 | M7: {='25년 시즌'!I35} -> 20 | N7: {='25년 시즌'!K35+'25년 시즌'!L35} -> 11
A8: 이동진 | B8: {=ROUND('25년 시즌'!H36/MAX('25년 시즌'!$H$31:$H$37)*100,0)} -> 26 | C8: {=ROUND(MIN('25년 시즌'!$P$31:$P$37)/'25년 시즌'!P36*100,0)} -> 13 | D8: {=ROUND('25년 시즌'!M36/MAX('25년 시즌'!$M$31:$M$41)*100,0)} -> 45 | E8: {=ROUND(MIN('25년 시즌'!$R$31:$R$36)/'25년 시즌'!R36*100,0)} -> 33 | F8: {=ROUND(MIN('25년 시즌'!$W$31:$W$38/'25년 시즌'!W36*100),0)} -> 58 | I8: {='25년 시즌'!F36} -> 68 | J8: {='25년 시즌'!G36} -> 53 | K8: {=J8-L8-M8} -> 18 | L8: {='25년 시즌'!M36} -> 13 | M8: {='25년 시즌'!I36} -> 22 | N8: {='25년 시즌'!K36+'25년 시즌'!L36} -> 14
A9: 이철민 | B9: {=ROUND('25년 시즌'!H37/MAX('25년 시즌'!$H$31:$H$37)*100,0)} -> 1 | C9: {=ROUND(MIN('25년 시즌'!$P$31:$P$37)/'25년 시즌'!P37*100,0)} -> 15 | D9: {=ROUND('25년 시즌'!M37/MAX('25년 시즌'!$M$31:$M$41)*100,0)} -> 0 | E9: 0 | F9: {=ROUND(MIN('25년 시즌'!$W$31:$W$38/'25년 시즌'!W37*100),0)} -> 15 | I9: {='25년 시즌'!F37} -> 5 | J9: {='25년 시즌'!G37} -> 1 | K9: {=J9-L9-M9} -> 1 | L9: {='25년 시즌'!M37} -> 0 | M9: {='25년 시즌'!I37} -> 0 | N9: {='25년 시즌'!K37+'25년 시즌'!L37} -> 4

Sheet Score-Batter
A1: 표 1
A2: 이름 | B2: 타석 | C2: 타율 | D2: 타점 | E2: 도루 | F2: 장타 | G2: 수비 | H2: V.C | I2: 타석수 | J2: 타수수 | K2: 안타수 | L2: 아웃수 | M2: 삼진수 | N2: 볼넷수
A3: 김재영 | B3: {=ROUND('25년 시즌'!D4/MAX('25년 시즌'!$D$4:$D$26)*100,0)} -> 90 | C3: {=ROUND(('25년 시즌'!C4*100)/(MAX('25년 시즌'!$C$4:$C$26)*100)*100,0)} -> 100 | D3: {=ROUND('25년 시즌'!L4/MAX('25년 시즌'!$L$4:$L$26)*100,0)} -> 92 | E3: {=ROUND('25년 시즌'!M4/MAX('25년 시즌'!$M$4:$M$26)*100,0)} -> 100 | F3: {=ROUND(('25년 시즌'!Q4*100)/(MAX('25년 시즌'!$Q$4:$Q$26)*100)*100,0)} -> 100 | H3: {=ROUND(100-('25년 시즌'!O4/'25년 시즌'!D4*100),0)} -> 93 | I3: {='25년 시즌'!D4} -> 56 | J3: {='25년 시즌'!E4} -> 46 | K3: {='25년 시즌'!F4} -> 28 | L3: {=J3-K3} -> 18 | M3: {='25년 시즌'!O4} -> 4 | N3: {='25년 시즌'!N4} -> 7
A4: 김기태 | B4: {=ROUND('25년 시즌'!D5/MAX('25년 시즌'!$D$4:$D$26)*100,0)} -> 94 | C4: {=ROUND(('25년 시즌'!C5*100)/(MAX('25년 시즌'!$C$4:$C$26)*100)*100,0)} -> 86 | D4: {=ROUND('25년 시즌'!L5/MAX('25년 시즌'!$L$4:$L$26)*100,0)} -> 100 | E4: {=ROUND('25년 시즌'!M5/MAX('25년 시즌'!$M$4:$M$26)*100,0)} -> 59 | F4: {=ROUND(('25년 시즌'!Q5*100)/(MAX('25년 시즌'!$Q$4:$Q$26)*100)*100,0)} -> 98 | H4: {=ROUND(100-('25년 시즌'!O5/'25년 시즌'!D5*100),0)} -> 95 | I4: {='25년 시즌'!D5} -> 58 | J4: {='25년 시즌'!E5} -> 48 | K4: {='25년 시즌'!F5} -> 25 | L4: {=J4-K4} -> 23 | M4: {='25년 시즌'!O5} -> 3 | N4: {='25년 시즌'!N5} -> 7
A5: 김형준 | B5: {=ROUND('25년 시즌'!D6/MAX('25년 시즌'!$D$4:$D$26)*100,0)} -> 68 | C5: {=ROUND(('25년 시즌'!C6*100)/(MAX('25년 시즌'!$C$4:$C$26)*100)*100,0)} -> 78 | D5: {=ROUND('25년 시즌'!L6/MAX('25년 시즌'!$L$4:$L$26)*100,0)} -> 75 | E5: {=ROUND('25년 시즌'!M6/MAX('25년 시즌'!$M$4:$M$26)*100,0)} -> 38 | F5: {=ROUND(('25년 시즌'!Q6*100)/(MAX('25년 시즌'!$Q$4:$Q$26)*100)*100,0)} -> 81 | H5: {=ROUND(100-('25년 시즌'!O6/'25년 시즌'!D6*100),0)} -> 93 | I5: {='25년 시즌'!D6} -> 42 | J5: {='25년 시즌'!E6} -> 38 | K5: {='25년 시즌'!F6} -> 18 | L5: {=J5-K5} -> 20 | M5: {='25년 시즌'!O6} -> 3 | N5: {='25년 시즌'!N6} -> 4
A6: 권강현 | B6: {=ROUND('25년 시즌'!D7/MAX('25년 시즌'!$D$4:$D$26)*100,0)} -> 32 | C6: {=ROUND(('25년 시즌'!C7*100)/(MAX('25년 시즌'!$C$4:$C$26)*100)*100,0)} -> 77 | D6: {=ROUND('25년 시즌'!L7/MAX('25년 시즌'!$L$4:$L$26)*100,0)} -> 21 | E6: {=ROUND('25년 시즌'!M7/MAX('25년 시즌'!$M$4:$M$26)*100,0)} -> 28 | F6: {=ROUND(('25년 시즌'!Q7*100)/(MAX('25년 시즌'!$Q$4:$Q$26)*100)*100,0)} -> 71 | H6: {=ROUND(100-('25년 시즌'!O7/'25년 시즌'!D7*100),0)} -> 70 | I6: {='25년 시즌'!D7} -> 20 | J6: {='25년 시즌'!E7} -> 17 | K6: {='25년 시즌'!F7} -> 8 | L6: {=J6-K6} -> 9 | M6: {='25년 시즌'!O7} -> 6 | N6: {='25년 시즌'!N7} -> 3
A7: 김병진 | B7: {=ROUND('25년 시즌'!D8/MAX('25년 시즌'!$D$4:$D$26)*100,0)} -> 26 | C7: {=ROUND(('25년 시즌'!C8*100)/(MAX('25년 시즌'!$C$4:$C$26)*100)*100,0)} -> 76 | D7: {=ROUND('25년 시즌'!L8/MAX('25년 시즌'!$L$4:$L$26)*100,0)} -> 13 | E7: {=ROUND('25년 시즌'!M8/MAX('25년 시즌'!$M$4:$M$26)*100,0)} -> 7 | F7: {=ROUND(('25년 시즌'!Q8*100)/(MAX('25년 시즌'!$Q$4:$Q$26)*100)*100,0)} -> 51 | H7: {=ROUND(100-('25년 시즌'!O8/'25년 시즌'!D8*100),0)} -> 88 | I7: {='25년 시즌'!D8} -> 16 | J7: {='25년 시즌'!E8} -> 13 | K7: {='25년 시즌'!F8} -> 6 | L7: {=J7-K7} -> 7 | M7: {='25년 시즌'!O8} -> 2 | N7: {='25년 시즌'!N8} -> 2
A8: 박영준 | B8: {=ROUND('25년 시즌'!D9/MAX('25년 시즌'!$D$4:$D$26)*100,0)} -> 48 | C8: {=ROUND(('25년 시즌'!C9*100)/(MAX('25년 시즌'!$C$4:$C$26)*100)*100,0)} -> 71 | D8: {=ROUND('25년 시즌'!L9/MAX('25년 시즌'!$L$4:$L$26)*100,0)} -> 29 | E8: {=ROUND('25년 시즌'!M9/MAX('25년 시즌'!$M$4:$M$26)*100,0)} -> 55 | F8: {=ROUND(('25년 시즌'!Q9*100)/(MAX('25년 시즌'!$Q$4:$Q$26)*100)*100,0)} -> 62 | H8: {=ROUND(100-('25년 시즌'!O9/'25년 시즌'!D9*100),0)} -> 77 | I8: {='25년 시즌'!D9} -> 30 | J8: {='25년 시즌'!E9} -> 23 | K8: {='25년 시즌'!F9} -> 10 | L8: {=J8-K8} -> 13 | M8: {='25년 시즌'!O9} -> 7 | N8: {='25년 시즌'!N9} -> 6
A9: 조태형 | B9: {=ROUND('25년 시즌'!D10/MAX('25년 시즌'!$D$4:$D$26)*100,0)} -> 100 | C9: {=ROUND(('25년 시즌'!C10*100)/(MAX('25년 시즌'!$C$4:$C$26)*100)*100,0)} -> 71 | D9: {=ROUND('25년 시즌'!L10/MAX('25년 시즌'!$L$4:$L$26)*100,0)} -> 79 | E9: {=ROUND('25년 시즌'!M10/MAX('25년 시즌'!$M$4:$M$26)*100,0)} -> 62 | F9: {=ROUND(('25년 시즌'!Q10*100)/(MAX('25년 시즌'!$Q$4:$Q$26)*100)*100,0)} -> 58 | H9: {=ROUND(100-('25년 시즌'!O10/'25년 시즌'!D10*100),0)} -> 95 | I9: {='25년 시즌'!D10} -> 62 | J9: {='25년 시즌'!E10} -> 51 | K9: {='25년 시즌'!F10} -> 22 | L9: {=J9-K9} -> 29 | M9: {='25년 시즌'!O10} -> 3 | N9: {='25년 시즌'!N10} -> 11
A10: 김범희 | B10: {=ROUND('25년 시즌'!D11/MAX('25년 시즌'!$D$4:$D$26)*100,0)} -> 60 | C10: {=ROUND(('25년 시즌'!C11*100)/(MAX('25년 시즌'!$C$4:$C$26)*100)*100,0)} -> 70 | D10: {=ROUND('25년 시즌'!L11/MAX('25년 시즌'!$L$4:$L$26)*100,0)} -> 33 | E10: {=ROUND('25년 시즌'!M11/MAX('25년 시즌'!$M$4:$M$26)*100,0)} -> 55 | F10: {=ROUND(('25년 시즌'!Q11*100)/(MAX('25년 시즌'!$Q$4:$Q$26)*100)*100,0)} -> 73 | H10: {=ROUND(100-('25년 시즌'!O11/'25년 시즌'!D11*100),0)} -> 86 | I10: {='25년 시즌'!D11} -> 37 | J10: {='25년 시즌'!E11} -> 21 | K10: {='25년 시즌'!F11} -> 9 | L10: {=J10-K10} -> 12 | M10: {='25년 시즌'!O11} -> 5 | N10: {='25년 시즌'!N11} -> 15
A11: 김태양 | B11: {=ROUND('25년 시즌'!D12/MAX('25년 시즌'!$D$4:$D$26)*100,0)} -> 84 | C11: {=ROUND(('25년 시즌'!C12*100)/(MAX('25년 시즌'!$C$4:$C$26)*100)*100,0)} -> 70 | D11: {=ROUND('25년 시즌'!L12/MAX('25년 시즌'!$L$4:$L$26)*100,0)} -> 42 | E11: {=ROUND('25년 시즌'!M12/MAX('25년 시즌'!$M$4:$M$26)*100,0)} -> 45 | F11: {=ROUND(('25년 시즌'!Q12*100)/(MAX('25년 시즌'!$Q$4:$Q$26)*100)*100,0)} -> 49 | H11: {=ROUND(100-('25년 시즌'!O12/'25년 시즌'!D12*100),0)} -> 85 | I11: {='25년 시즌'!D12} -> 52 | J11: {='25년 시즌'!E12} -> 40 | K11: {='25년 시즌'!F12} -> 17 | L11: {=J11-K11} -> 23 | M11: {='25년 시즌'!O12} -> 8 | N11: {='25년 시즌'!N12} -> 12
A12: 이동진 | B12: {=ROUND('25년 시즌'!D13/MAX('25년 시즌'!$D$4:$D$26)*100,0)} -> 24 | C12: {=ROUND(('25년 시즌'!C13*100)/(MAX('25년 시즌'!$C$4:$C$26)*100)*100,0)} -> 68 | D12: {=ROUND('25년 시즌'!L13/MAX('25년 시즌'!$L$4:$L$26)*100,0)} -> 25 | E12: {=ROUND('25년 시즌'!M13/MAX('25년 시즌'!$M$4:$M$26)*100,0)} -> 14 | F12: {=ROUND(('25년 시즌'!Q13*100)/(MAX('25년 시즌'!$Q$4:$Q$26)*100)*100,0)} -> 73 | H12: {=ROUND(100-('25년 시즌'!O13/'25년 시즌'!D13*100),0)} -> 87 | I12: {='25년 시즌'!D13} -> 15 | J12: {='25년 시즌'!E13} -> 12 | K12: {='25년 시즌'!F13} -> 5 | L12: {=J12-K12} -> 7 | M12: {='25년 시즌'!O13} -> 2 | N12: {='25년 시즌'!N13} -> 3
A13: 윤태규 | B13: {=ROUND('25년 시즌'!D14/MAX('25년 시즌'!$D$4:$D$26)*100,0)} -> 32 | C13: {=ROUND(('25년 시즌'!C14*100)/(MAX('25년 시즌'!$C$4:$C$26)*100)*100,0)} -> 68 | D13: {=ROUND('25년 시즌'!L14/MAX('25년 시즌'!$L$4:$L$26)*100,0)} -> 38 | E13: {=ROUND('25년 시즌'!M14/MAX('25년 시즌'!$M$4:$M$26)*100,0)} -> 10 | F13: {=ROUND(('25년 시즌'!Q14*100)/(MAX('25년 시즌'!$Q$4:$Q$26)*100)*100,0)} -> 52 | H13: {=ROUND(100-('25년 시즌'!O14/'25년 시즌'!D14*100),0)} -> 95 | I13: {='25년 시즌'!D14} -> 20 | J13: {='25년 시즌'!E14} -> 17 | K13: {='25년 시즌'!F14} -> 7 | L13: {=J13-K13} -> 10 | M13: {='25년 시즌'!O14} -> 1 | N13: {='25년 시즌'!N14} -> 3
A14: 김현철 | B14: {=ROUND('25년 시즌'!D15/MAX('25년 시즌'!$D$4:$D$26)*100,0)} -> 47 | C14: {=ROUND(('25년 시즌'!C15*100)/(MAX('25년 시즌'!$C$4:$C$26)*100)*100,0)} -> 66 | D14: {=ROUND('25년 시즌'!L15/MAX('25년 시즌'!$L$4:$L$26)*100,0)} -> 29 | E14: {=ROUND('25년 시즌'!M15/MAX('25년 시즌'!$M$4:$M$26)*100,0)} -> 14 | F14: {=ROUND(('25년 시즌'!Q15*100)/(MAX('25년 시즌'!$Q$4:$Q$26)*100)*100,0)} -> 44 | H14: {=ROUND(100-('25년 시즌'!O15/'25년 시즌'!D15*100),0)} -> 97 | I14: {='25년 시즌'!D15} -> 29 | J14: {='25년 시즌'!E15} -> 25 | K14: {='25년 시즌'!F15} -> 10 | L14: {=J14-K14} -> 15 | M14: {='25년 시즌'!O15} -> 1 | N14: {='25년 시즌'!N15} -> 3
... A25: 이철민 | B25: {=ROUND('25년 시즌'!D26/MAX('25년 시즌'!$D$4:$D$26)*100,0)} -> 6 | C25: {=ROUND(('25년 시즌'!C26*100)/(MAX('25년 시즌'!$C$4:$C$26)*100)*100,0)} -> 0 | D25: {=ROUND('25년 시즌'!L26/MAX('25년 시즌'!$L$4:$L$26)*100,0)} -> 0 | E25: {=ROUND('25년 시즌'!M26/MAX('25년 시즌'!$M$4:$M$26)*100,0)} -> 7 | F25: {=ROUND(('25년 시즌'!Q26*100)/(MAX('25년 시즌'!$Q$4:$Q$26)*100)*100,0)} -> 0 | H25: {=ROUND(100-('25년 시즌'!O26/'25년 시즌'!D26*100),0)} -> 100 | I25: {='25년 시즌'!D26} -> 4 | J25: {='25년 시즌'!E26} -> 3 | K25: {='25년 시즌'!F26} -> 0 | L25: {=J25-K25} -> 3 | M25: {='25년 시즌'!O26} -> 0 | N25: {='25년 시즌'!N26} -> 1

Sheet Player
A1: 표 1
A2: 이름 | B2: 등번호 | C2: 영어 이름 | D2: 어워즈
A3: 권강현 | B3: 29 | C3: KWON KANG HYUN
A4: 권혁진 | B4: 10 | C4: KWON HUCK JIN
A5: 김기태 | B5: 50 | C5: KIM KI TAE
A6: 김민석 | B6: 12 | C6: KIM MIN SEOK
A7: 김범희 | B7: 46 | C7: KIM BEOM HUI | D7: M.A.P
A8: 김병진 | B8: 91 | C8: KIM BYEONG JIN
A9: 김재영 | B9: 3 | C9: KIM JEA YOUNG | D9: MVP
A10: 김태양 | B10: 27 | C10: KIM TAE YANG
A11: 김현철 | B11: 13 | C11: KIM HYUN CHEOL
A12: 김형준 | B12: 25 | C12: KIM HYUNG JUN
A13: 김상훈 | B13: 21 | C13: KIM HEE JE
A14: 남동수 | B14: 55 | C14: NAM DONG SOO
A15: 류동현 | B15: 88 | C15: RYU DONG HYUN
A16: 박영준 | B16: 0 | C16: PARK YOUNG JUN
A17: 박재현 | B17: 18 | C17: PARK JAE HYUN
A18: 백정철 | B18: 100 | C18: BAEK JEONG CHEOL | D18: GoldenGlove
A19: 이동진 | B19: 17 | C19: LEE DONG JIN
A20: 이철민 | B20: 14 | C20: LEE CHEOL MIN
A21: 임지헌 | B21: 56 | C21: LIM JI HEON
A22: 조태형 | B22: 1 | C22: CHO TAE HYEONG
A23: 차현철 | B23: 20 | C23: CHA HYUN CHUL

Sheet 23 서구하반기('24)
A1: ◎ 23년 하반기 서구 리그 ('24)
A2: 1. 타자 기록
A3: 선수명 | B3: 경기 | C3: 타율 | D3: 타석 | E3: 타수 | F3: 안타 | G3: 1루타 | H3: 2루타 | I3: 3루타 | J3: 홈런 | K3: 득점 | L3: 타점 | M3: 도루 | N3: 사사구 | O3: 삼진 | P3: 삼진률 | Q3: 장타율 | R3: 출루율 | S3: OPS | T3: 아웃 比 삼진률 | U3: 출루율 등수 | V3: OPS 등수 | W3: 실책
A4: 권강현 | B4: 4 | C4: {=F4/E4} -> 0.25 | D4: 9 | E4: 8 | F4: 2 | G4: {=F4-(H4+I4+J4)} -> 1 | H4: 0 | I4: 1 | J4: 0 | K4: 1 | L4: 3 | M4: 1 | N4: {=D4-E4} -> 1 | O4: 4 | P4: {=O4/D4} -> 0.44444444 | Q4: {=(G4*1+H4*2+I4*3+J4*4)/E4} -> 0.5 | R4: {=(F4+N4)/D4} -> 0.33333333 | S4: {=R4+Q4} -> 0.83333333 | T4: {=O4/(D4-(F4+N4))} -> 0.66666667 | U4: {=RANK(R4,$R$4:$R$23)} -> 17 | V4: {=RANK(S4,$S$4:$S$23)} -> 12 | W4: 1
A5: 권혁진 | B5: 5 | C5: {=F5/E5} -> 0.25 | D5: 12 | E5: 8 | F5: 2 | G5: {=F5-(H5+I5+J5)} -> 0 | H5: 2 | I5: 0 | J5: 0 | K5: 5 | L5: 1 | M5: 3 | N5: {=D5-E5} -> 4 | O5: 5 | P5: {=O5/D5} -> 0.41666667 | Q5: {=(G5*1+H5*2+I5*3+J5*4)/E5} -> 0.5 | R5: {=(F5+N5)/D5} -> 0.5 | S5: {=R5+Q5} -> 1 | T5: {=O5/(D5-(F5+N5))} -> 0.83333333 | U5: {=RANK(R5,$R$4:$R$23)} -> 8 | V5: {=RANK(S5,$S$4:$S$23)} -> 9 | W5: 1
A6: 김기태 | B6: 7 | C6: {=F6/E6} -> 0.61111111 | D6: 23 | E6: 18 | F6: 11 | G6: {=F6-(H6+I6+J6)} -> 9 | H6: 2 | I6: 0 | J6: 0 | K6: 8 | L6: 7 | M6: 6 | N6: {=D6-E6} -> 5 | O6: 0 | P6: {=O6/D6} -> 0 | Q6: {=(G6*1+H6*2+I6*3+J6*4)/E6} -> 0.72222222 | R6: {=(F6+N6)/D6} -> 0.69565217 | S6: {=R6+Q6} -> 1.4178744 | T6: {=O6/(D6-(F6+N6))} -> 0 | U6: {=RANK(R6,$R$4:$R$23)} -> 3 | V6: {=RANK(S6,$S$4:$S$23)} -> 3 | W6: 4
A7: 김민석 | B7: 1 | C7: {=F7/E7} -> 0 | D7: 3 | E7: 2 | F7: 0 | G7: {=F7-(H7+I7+J7)} -> 0 | H7: 0 | I7: 0 | J7: 0 | K7: 2 | L7: 1 | M7: 0 | N7: {=D7-E7} -> 1 | O7: 1 | P7: {=O7/D7} -> 0.33333333 | Q7: {=(G7*1+H7*2+I7*3+J7*4)/E7} -> 0 | R7: {=(F7+N7)/D7} -> 0.33333333 | S7: {=R7+Q7} -> 0.33333333 | T7: {=O7/(D7-(F7+N7))} -> 0.5 | U7: {=RANK(R7,$R$4:$R$23)} -> 17 | V7: {=RANK(S7,$S$4:$S$23)} -> 18
A8: 김범희 | B8: 2 | C8: {=F8/E8} -> 0 | D8: 6 | E8: 3 | F8: 0 | G8: {=F8-(H8+I8+J8)} -> 0 | H8: 0 | I8: 0 | J8: 0 | K8: 3 | L8: 1 | M8: 1 | N8: {=D8-E8} -> 3 | O8: 3 | P8: {=O8/D8} -> 0.5 | Q8: {=(G8*1+H8*2+I8*3+J8*4)/E8} -> 0 | R8: {=(F8+N8)/D8} -> 0.5 | S8: {=R8+Q8} -> 0.5 | T8: {=O8/(D8-(F8+N8))} -> 1 | U8: {=RANK(R8,$R$4:$R$23)} -> 8 | V8: {=RANK(S8,$S$4:$S$23)} -> 16 | W8: 0
A9: 김병진 | B9: 1 | C9: {=F9/E9} -> 0.25 | D9: 2 | E9: 4 | F9: 1 | G9: {=F9-(H9+I9+J9)} -> 1 | H9: 0 | I9: 0 | J9: 0 | K9: 0 | L9: 0 | M9: 0 | N9: {=D9-E9} -> -2 | O9: 1 | P9: {=O9/D9} -> 0.5 | Q9: {=(G9*1+H9*2+I9*3+J9*4)/E9} -> 0.25 | R9: {=(F9+N9)/D9} -> -0.5 | S9: {=R9+Q9} -> -0.25 | T9: {=O9/(D9-(F9+N9))} -> 0.33333333 | U9: {=RANK(R9,$R$4:$R$23)} -> 20 | V9: {=RANK(S9,$S$4:$S$23)} -> 20 | W9: 2
A10: 김재영 | B10: 6 | C10: {=F10/E10} -> 0.5 | D10: 15 | E10: 14 | F10: 7 | G10: {=F10-(H10+I10+J10)} -> 3 | H10: 2 | I10: 2 | J10: 0 | K10: 5 | L10: 5 | M10: 5 | N10: {=D10-E10} -> 1 | O10: 2 | P10: {=O10/D10} -> 0.13333333 | Q10: {=(G10*1+H10*2+I10*3+J10*4)/E10} -> 0.92857143 | R10: {=(F10+N10)/D10} -> 0.53333333 | S10: {=R10+Q10} -> 1.4619048 | T10: {=O10/(D10-(F10+N10))} -> 0.28571429 | U10: {=RANK(R10,$R$4:$R$23)} -> 7 | V10: {=RANK(S10,$S$4:$S$23)} -> 2
A11: 김태양 | B11: 3 | C11: {=F11/E11} -> 0.25 | D11: 5 | E11: 4 | F11: 1 | G11: {=F11-(H11+I11+J11)} -> 1 | H11: 0 | I11: 0 | J11: 0 | K11: 3 | L11: 1 | M11: 0 | N11: {=D11-E11} -> 1 | O11: 1 | P11: {=O11/D11} -> 0.2 | Q11: {=(G11*1+H11*2+I11*3+J11*4)/E11} -> 0.25 | R11: {=(F11+N11)/D11} -> 0.4 | S11: {=R11+Q11} -> 0.65 | T11: {=O11/(D11-(F11+N11))} -> 0.33333333 | U11: {=RANK(R11,$R$4:$R$23)} -> 14 | V11: {=RANK(S11,$S$4:$S$23)} -> 14 | W11: 1
A12: 김현철 | B12: 4 | C12: {=F12/E12} -> 0.66666667 | D12: 9 | E12: 6 | F12: 4 | G12: {=F12-(H12+I12+J12)} -> 3 | H12: 1 | I12: 0 | J12: 0 | K12: 5 | L12: 0 | M12: 5 | N12: {=D12-E12} -> 3 | O12: 0 | P12: {=O12/D12} -> 0 | Q12: {=(G12*1+H12*2+I12*3+J12*4)/E12} -> 0.83333333 | R12: {=(F12+N12)/D12} -> 0.77777778 | S12: {=R12+Q12} -> 1.6111111 | T12: {=O12/(D12-(F12+N12))} -> 0 | U12: {=RANK(R12,$R$4:$R$23)} -> 2 | V12: {=RANK(S12,$S$4:$S$23)} -> 1 | W12: 0
A13: 김형준 | B13: 5 | C13: {=F13/E13} -> 0.375 | D13: 12 | E13: 8 | F13: 3 | G13: {=F13-(H13+I13+J13)} -> 3 | H13: 0 | I13: 0 | J13: 0 | K13: 4 | L13: 2 | M13: 1 | N13: {=D13-E13} -> 4 | O13: 0 | P13: {=O13/D13} -> 0 | Q13: {=(G13*1+H13*2+I13*3+J13*4)/E13} -> 0.375 | R13: {=(F13+N13)/D13} -> 0.58333333 | S13: {=R13+Q13} -> 0.95833333 | T13: {=O13/(D13-(F13+N13))} -> 0 | U13: {=RANK(R13,$R$4:$R$23)} -> 4 | V13: {=RANK(S13,$S$4:$S$23)} -> 11 | W13: 2
A14: 남동수 | B14: 6 | C14: {=F14/E14} -> 0.11111111 | D14: 14 | E14: 9 | F14: 1 | G14: {=F14-(H14+I14+J14)} -> 1 | H14: 0 | I14: 0 | J14: 0 | K14: 2 | L14: 2 | M14: 3 | N14: {=D14-E14} -> 5 | O14: 6 | P14: {=O14/D14} -> 0.42857143 | Q14: {=(G14*1+H14*2+I14*3+J14*4)/E14} -> 0.11111111 | R14: {=(F14+N14)/D14} -> 0.42857143 | S14: {=R14+Q14} -> 0.53968254 | T14: {=O14/(D14-(F14+N14))} -> 0.75 | U14: {=RANK(R14,$R$4:$R$23)} -> 13 | V14: {=RANK(S14,$S$4:$S$23)} -> 15 | W14: 6
A15: 류동현 | B15: 7 | C15: {=F15/E15} -> 0.46153846 | D15: 13 | E15: 13 | F15: 6 | G15: {=F15-(H15+I15+J15)} -> 5 | H15: 1 | I15: 0 | J15: 0 | K15: 2 | L15: 5 | M15: 1 | N15: {=D15-E15} -> 0 | O15: 3 | P15: {=O15/D15} -> 0.23076923 | Q15: {=(G15*1+H15*2+I15*3+J15*4)/E15} -> 0.53846154 | R15: {=(F15+N15)/D15} -> 0.46153846 | S15: {=R15+Q15} -> 1 | T15: {=O15/(D15-(F15+N15))} -> 0.42857143 | U15: {=RANK(R15,$R$4:$R$23)} -> 12 | V15: {=RANK(S15,$S$4:$S$23)} -> 9 | W15: 1
A16: 박영준 | B16: 4 | C16: {=F16/E16} -> 0.41666667 | D16: 14 | E16: 12 | F16: 5 | G16: {=F16-(H16+I16+J16)} -> 3 | H16: 0 | I16: 2 | J16: 0 | K16: 5 | L16: 3 | M16: 2 | N16: {=D16-E16} -> 2 | O16: 1 | P16: {=O16/D16} -> 0.071428571 | Q16: {=(G16*1+H16*2+I16*3+J16*4)/E16} -> 0.75 | R16: {=(F16+N16)/D16} -> 0.5 | S16: {=R16+Q16} -> 1.25 | T16: {=O16/(D16-(F16+N16))} -> 0.14285714 | U16: {=RANK(R16,$R$4:$R$23)} -> 8 | V16: {=RANK(S16,$S$4:$S$23)} -> 5 | W16: 4
A17: 박재현 | B17: 6 | C17: {=F17/E17} -> 0.44444444 | D17: 11 | E17: 9 | F17: 4 | G17: {=F17-(H17+I17+J17)} -> 2 | H17: 2 | I17: 0 | J17: 0 | K17: 0 | L17: 0 | M17: 1 | N17: {=D17-E17} -> 2 | O17: 1 | P17: {=O17/D17} -> 0.090909091 | Q17: {=(G17*1+H17*2+I17*3+J17*4)/E17} -> 0.66666667 | R17: {=(F17+N17)/D17} -> 0.54545455 | S17: {=R17+Q17} -> 1.2121212 | T17: {=O17/(D17-(F17+N17))} -> 0.2 | U17: {=RANK(R17,$R$4:$R$23)} -> 6 | V17: {=RANK(S17,$S$4:$S$23)} -> 6 | W17: 5
A18: 백정철 | B18: 2 | C18: {=F18/E18} -> 0 | D18: 3 | E18: 2 | F18: 0 | G18: {=F18-(H18+I18+J18)} -> 0 | H18: 0 | I18: 0 | J18: 0 | K18: 0 | L18: 1 | M18: 0 | N18: {=D18-E18} -> 1 | O18: 0 | P18: {=O18/D18} -> 0 | Q18: {=(G18*1+H18*2+I18*3+J18*4)/E18} -> 0 | R18: {=(F18+N18)/D18} -> 0.33333333 | S18: {=R18+Q18} -> 0.33333333 | T18: {=O18/(D18-(F18+N18))} -> 0 | U18: {=RANK(R18,$R$4:$R$23)} -> 17 | V18: {=RANK(S18,$S$4:$S$23)} -> 18
A19: 이동진 | B19: 3 | C19: {=F19/E19} -> 0.5 | D19: 8 | E19: 2 | F19: 1 | G19: {=F19-(H19+I19+J19)} -> 1 | H19: 0 | I19: 0 | J19: 0 | K19: 5 | L19: 2 | M19: 5 | N19: {=D19-E19} -> 6 | O19: 0 | P19: {=O19/D19} -> 0 | Q19: {=(G19*1+H19*2+I19*3+J19*4)/E19} -> 0.5 | R19: {=(F19+N19)/D19} -> 0.875 | S19: {=R19+Q19} -> 1.375 | T19: {=O19/(D19-(F19+N19))} -> 0 | U19: {=RANK(R19,$R$4:$R$23)} -> 1 | V19: {=RANK(S19,$S$4:$S$23)} -> 4 | W19: 0
A20: 이철민 | B20: 7 | C20: {=F20/E20} -> 0.45454545 | D20: 14 | E20: 11 | F20: 5 | G20: {=F20-(H20+I20+J20)} -> 4 | H20: 1 | I20: 0 | J20: 0 | K20: 5 | L20: 5 | M20: 1 | N20: {=D20-E20} -> 3 | O20: 3 | P20: {=O20/D20} -> 0.21428571 | Q20: {=(G20*1+H20*2+I20*3+J20*4)/E20} -> 0.54545455 | R20: {=(F20+N20)/D20} -> 0.57142857 | S20: {=R20+Q20} -> 1.1168831 | T20: {=O20/(D20-(F20+N20))} -> 0.5 | U20: {=RANK(R20,$R$4:$R$23)} -> 5 | V20: {=RANK(S20,$S$4:$S$23)} -> 7 | W20: 3
A21: 임지헌 | B21: 6 | C21: {=F21/E21} -> 0.4 | D21: 18 | E21: 15 | F21: 6 | G21: {=F21-(H21+I21+J21)} -> 3 | H21: 3 | I21: 0 | J21: 0 | K21: 5 | L21: 5 | M21: 2 | N21: {=D21-E21} -> 3 | O21: 5 | P21: {=O21/D21} -> 0.27777778 | Q21: {=(G21*1+H21*2+I21*3+J21*4)/E21} -> 0.6 | R21: {=(F21+N21)/D21} -> 0.5 | S21: {=R21+Q21} -> 1.1 | T21: {=O21/(D21-(F21+N21))} -> 0.55555556 | U21: {=RANK(R21,$R$4:$R$23)} -> 8 | V21: {=RANK(S21,$S$4:$S$23)} -> 8 | W21: 0
A22: 조태형 | B22: 5 | C22: {=F22/E22} -> 0.22222222 | D22: 11 | E22: 9 | F22: 2 | G22: {=F22-(H22+I22+J22)} -> 1 | H22: 1 | I22: 0 | J22: 0 | K22: 2 | L22: 3 | M22: 0 | N22: {=D22-E22} -> 2 | O22: 2 | P22: {=O22/D22} -> 0.18181818 | Q22: {=(G22*1+H22*2+I22*3+J22*4)/E22} -> 0.33333333 | R22: {=(F22+N22)/D22} -> 0.36363636 | S22: {=R22+Q22} -> 0.6969697 | T22: {=O22/(D22-(F22+N22))} -> 0.28571429 | U22: {=RANK(R22,$R$4:$R$23)} -> 16 | V22: {=RANK(S22,$S$4:$S$23)} -> 13 | W22: 0
A23: 차현철 | B23: 2 | C23: {=F23/E23} -> 0 | D23: 5 | E23: 3 | F23: 0 | G23: {=F23-(H23+I23+J23)} -> 0 | H23: 0 | I23: 0 | J23: 0 | K23: 1 | L23: 1 | M23: 0 | N23: {=D23-E23} -> 2 | O23: 1 | P23: {=O23/D23} -> 0.2 | Q23: {=(G23*1+H23*2+I23*3+J23*4)/E23} -> 0 | R23: {=(F23+N23)/D23} -> 0.4 | S23: {=R23+Q23} -> 0.4 | T23: {=O23/(D23-(F23+N23))} -> 0.33333333 | U23: {=RANK(R23,$R$4:$R$23)} -> 14 | V23: {=RANK(S23,$S$4:$S$23)} -> 17 | W23: 1
A24: 총합 | C24: {=F24/E24} -> 0.38125 | D24: {=SUM(D4:D23)} -> 207 | E24: {=SUM(E4:E23)} -> 160 | F24: {=SUM(F4:F23)} -> 61 | G24: {=SUM(G4:G23)} -> 41 | H24: {=SUM(H4:H23)} -> 15 | I24: {=SUM(I4:I23)} -> 5 | J24: {=SUM(J4:J23)} -> 0 | K24: {=SUM(K4:K23)} -> 63 | ... O24: {=SUM(O4:O23)} -> 39 | P24: {=O24/D24} -> 0.1884058 | W24: {=SUM(W4:W23)} -> 31
A26: 2. 투수 기록
A27: 이름 | B27: 게임수 | C27: 승 | D27: 패 | E27: 세 | F27: 타자 | G27: 타수 | H27: 이닝 | I27: 피안타 | J27: 피홈런 | K27: 볼넷 | L27: 사구 | M27: 탈삼진 | N27: 실점 | O27: 자책점 | P27: 방어율 | Q27: 제구 | R27: 피안타율 | S27: 경기당 평균 이닝 | T27: 이닝/K | U27: 수비성공률 | V27: WHIP
A28: 권강현 | B28: 1 | C28: 0 | D28: 0 | E28: 0 | F28: 6 | G28: 3 | H28: 0.333 | I28: 1 | J28: 0 | K28: 3 | L28: 0 | M28: 0 | N28: 5 | O28: 3 | P28: {=O28*9/H28} -> 81.081081 | Q28: {=(K28+L28)/H28} -> 9.009009 | R28: {=I28/H28} -> 3.003003 | S28: {=H28/B28} -> 0.333 | T28: {=M28/H28} -> 0 | U28: {=O28/N28} -> 0.6 | V28: {=(I28+K28+L28)/H28} -> 12.012012
A29: 김민석 | B29: 0 | C29: 0 | D29: 0 | E29: 0 | F29: 0 | G29: 0 | H29: 0 | I29: 0 | J29: 0 | K29: 0 | L29: 0 | M29: 0 | N29: 0 | O29: 0 | P29: 0 | Q29: {=(K29+L29)/H29} | R29: {=I29/H29} | S29: {=H29/B29} | T29: {=M29/H29} | U29: 1 | V29: {=(I29+K29+L29)/H29}
A30: 김병진 | B30: 1 | C30: 0 | D30: 0 | E30: 0 | F30: 3 | G30: 2 | H30: 0.333333 | I30: 1 | J30: 0 | K30: 1 | L30: 0 | M30: 0 | N30: 0 | O30: 0 | P30: {=O30*9/H30} -> 0 | Q30: {=(K30+L30)/H30} -> 3.000003 | R30: {=I30/H30} -> 3.000003 | S30: {=H30/B30} -> 0.333333 | T30: {=M30/H30} -> 0 | U30: 1 | V30: {=(I30+K30+L30)/H30} -> 6.000006
A31: 김형준 | B31: 4 | C31: 0 | D31: 1 | E31: 1 | F31: 54 | G31: 48 | H31: 9 | I31: 21 | J31: 1 | K31: 6 | L31: 0 | M31: 10 | N31: 19 | O31: 16 | P31: {=O31*9/H31} -> 16 | Q31: {=(K31+L31)/H31} -> 0.66666667 | R31: {=I31/H31} -> 2.3333333 | S31: {=H31/B31} -> 2.25 | T31: {=M31/H31} -> 1.1111111 | U31: {=O31/N31} -> 0.84210526 | V31: {=(I31+K31+L31)/H31} -> 3
A32: 류동현 | B32: 5 | C32: 2 | D32: 2 | E32: 0 | F32: 55 | G32: 35 | H32: 6 | I32: 16 | J32: 0 | K32: 19 | L32: 1 | M32: 6 | N32: 29 | O32: 24 | P32: {=O32*9/H32} -> 36 | Q32: {=(K32+L32)/H32} -> 3.3333333 | R32: {=I32/H32} -> 2.6666667 | S32: {=H32/B32} -> 1.2 | T32: {=M32/H32} -> 1 | U32: {=O32/N32} -> 0.82758621 | V32: {=(I32+K32+L32)/H32} -> 6
A33: 박영준 | B33: 5 | C33: 1 | D33: 2 | E33: 0 | F33: {=67+14} -> 81 | G33: 58 | H33: 11.3333 | I33: 28 | J33: 0 | K33: 19 | L33: 2 | M33: 15 | N33: 35 | O33: 29 | P33: {=O33*9/H33} -> 23.029479 | Q33: {=(K33+L33)/H33} -> 1.8529466 | R33: {=I33/H33} -> 2.4705955 | S33: {=H33/B33} -> 2.26666 | T33: {=M33/H33} -> 1.3235333 | U33: {=O33/N33} -> 0.82857143 | V33: {=(I33+K33+L33)/H33} -> 4.3235421
A34: 임지헌 | B34: 1 | C34: 0 | D34: 0 | E34: 1 | F34: 2 | G34: 1 | H34: 0.33333333 | I34: 0 | J34: 0 | K34: 0 | L34: 1 | M34: 0 | N34: 1 | O34: 0 | P34: {=O34*9/H34} -> 0 | Q34: {=(K34+L34)/H34} -> 3 | R34: {=I34/H34} -> 0 | S34: {=H34/B34} -> 0.33333333 | T34: {=M34/H34} -> 0 | U34: {=O34/N34} -> 0 | V34: {=(I34+K34+L34)/H34} -> 3
A35: 조태형 | B35: 3 | C35: 0 | D35: 0 | E35: 0 | F35: 25 | G35: 19 | H35: 3.6666667 | I35: 8 | J35: 0 | K35: 3 | L35: 3 | M35: 5 | N35: 8 | O35: 8 | P35: {=O35*9/H35} -> 19.636364 | Q35: {=(K35+L35)/H35} -> 1.6363636 | R35: {=I35/H35} -> 2.1818182 | S35: {=H35/B35} -> 1.2222222 | T35: {=M35/H35} -> 1.3636364 | U35: {=O35/N35} -> 1 | V35: {=(I35+K35+L35)/H35} -> 3.8181818
A36: 총합 | C36: {=SUM(C28:C35)} -> 3 | D36: {=SUM(D28:D35)} -> 5 | E36: {=SUM(E28:E35)} -> 2 | F36: {=SUM(F28:F35)} -> 226 | G36: {=SUM(G28:G35)} -> 166 | H36: {=SUM(H28:H35)} -> 30.999633 | I36: {=SUM(I28:I35)} -> 75 | J36: {=SUM(J28:J35)} -> 1 | ... O36: {=SUM(O28:O35)} -> 80 | P36: {=O36*9/H36} -> 23.226081 | Q36: {=(K36+L36)/H36} -> 1.8709899 | R36: {=I36/H36} -> 2.4193835 | T36: {=M36/H36} -> 1.1613041 | U36: {=O36/N36} -> 0.82474227 | V36: {=(I36+K36+L36)/H36} -> 4.2903734

Sheet 23 下코모도리그('24)
A1: ◎ 23년 하반기 코모도리그 ('24)
A2: 1. 타자 기록
A3: 선수명 | B3: 경기 | C3: 타율 | D3: 타석 | E3: 타수 | F3: 안타 | G3: 1루타 | H3: 2루타 | I3: 3루타 | J3: 홈런 | K3: 득점 | L3: 타점 | M3: 도루 | N3: 사사구 | O3: 삼진 | P3: 삼진률 | Q3: 장타율 | R3: 출루율 | S3: OPS | T3: 아웃 比 삼진률 | U3: 출루율 등수 | V3: OPS 등수 | W3: 실책
A4: 권강현 | B4: 2 | C4: {=F4/E4} -> 0 | D4: 1 | E4: 1 | F4: 0 | G4: {=F4-(H4+I4+J4)} -> 0 | H4: 0 | I4: 0 | J4: 0 | K4: 1 | L4: 0 | M4: 2 | N4: 0 | O4: 1 | P4: {=O4/D4} -> 1 | Q4: {=(G4*1+H4*2+I4*3+J4*4)/E4} -> 0 | R4: {=(F4+N4)/D4} -> 0 | S4: {=R4+Q4} -> 0 | T4: {=O4/(D4-(F4+N4))} -> 1 | U4: {=RANK(R4,$R$4:$R$23)} -> 17 | V4: {=RANK(S4,$S$4:$S$23)} -> 17
A5: 권혁진 | B5: 0 | C5: 0 | D5: 0 | E5: 0 | F5: 0 | G5: {=F5-(H5+I5+J5)} -> 0 | H5: 0 | I5: 0 | J5: 0 | K5: 0 | L5: 0 | M5: 0 | N5: 0 | O5: 0 | U5: {=RANK(R5,$R$4:$R$23)} -> 17 | V5: {=RANK(S5,$S$4:$S$23)} -> 17
A6: 김기태 | B6: 5 | C6: {=F6/E6} -> 0.46666667 | D6: 16 | E6: 15 | F6: 7 | G6: {=F6-(H6+I6+J6)} -> 4 | H6: 3 | I6: 0 | J6: 0 | K6: 4 | L6: 8 | M6: 4 | N6: 1 | O6: 0 | P6: {=O6/D6} -> 0 | Q6: {=(G6*1+H6*2+I6*3+J6*4)/E6} -> 0.66666667 | R6: {=(F6+N6)/D6} -> 0.5 | S6: {=R6+Q6} -> 1.1666667 | T6: {=O6/(D6-(F6+N6))} -> 0 | U6: {=RANK(R6,$R$4:$R$23)} -> 8 | V6: {=RANK(S6,$S$4:$S$23)} -> 4 | W6: 1
A7: 김민석 | B7: 1 | C7: 0 | D7: 3 | E7: 0 | F7: 0 | G7: {=F7-(H7+I7+J7)} -> 0 | H7: 0 | I7: 0 | J7: 0 | K7: 2 | L7: 2 | M7: 1 | N7: 3 | O7: 0 | P7: {=O7/D7} -> 0 | Q7: 0 | R7: {=(F7+N7)/D7} -> 1 | S7: {=R7+Q7} -> 1 | T7: 0 | U7: {=RANK(R7,$R$4:$R$23)} -> 1 | V7: {=RANK(S7,$S$4:$S$23)} -> 10
A8: 김범희 | B8: 1 | C8: {=F8/E8} -> 0.5 | D8: 3 | E8: 2 | F8: 1 | G8: {=F8-(H8+I8+J8)} -> 1 | H8: 0 | I8: 0 | J8: 0 | K8: 0 | L8: 1 | M8: 1 | N8: 1 | O8: 1 | P8: {=O8/D8} -> 0.33333333 | Q8: {=(G8*1+H8*2+I8*3+J8*4)/E8} -> 0.5 | R8: {=(F8+N8)/D8} -> 0.66666667 | S8: {=R8+Q8} -> 1.1666667 | T8: {=O8/(D8-(F8+N8))} -> 1 | U8: {=RANK(R8,$R$4:$R$23)} -> 2 | V8: {=RANK(S8,$S$4:$S$23)} -> 4
A9: 김병진 | B9: 0 | C9: 0 | D9: 0 | E9: 4 | F9: 0 | G9: {=F9-(H9+I9+J9)} -> 0 | H9: 0 | I9: 0 | J9: 0 | K9: 0 | L9: 0 | M9: 0 | N9: 0 | O9: 0 | U9: {=RANK(R9,$R$4:$R$23)} -> 17 | V9: {=RANK(S9,$S$4:$S$23)} -> 17
A10: 김재영 | B10: 4 | C10: {=F10/E10} -> 0.7 | D10: 12 | E10: 10 | F10: 7 | G10: {=F10-(H10+I10+J10)} -> 4 | H10: 2 | I10: 1 | J10: 0 | K10: 5 | L10: 4 | M10: 4 | N10: 0 | O10: 0 | P10: {=O10/D10} -> 0 | Q10: {=(G10*1+H10*2+I10*3+J10*4)/E10} -> 1.1 | R10: {=(F10+N10)/D10} -> 0.58333333 | S10: {=R10+Q10} -> 1.6833333 | T10: {=O10/(D10-(F10+N10))} -> 0 | U10: {=RANK(R10,$R$4:$R$23)} -> 5 | V10: {=RANK(S10,$S$4:$S$23)} -> 1 | W10: 2
A11: 김태양 | B11: 4 | C11: {=F11/E11} -> 0.28571429 | D11: 7 | E11: 7 | F11: 2 | G11: {=F11-(H11+I11+J11)} -> 2 | H11: 0 | I11: 0 | J11: 0 | K11: 3 | L11: 0 | M11: 2 | N11: 0 | O11: 1 | P11: {=O11/D11} -> 0.14285714 | Q11: {=(G11*1+H11*2+I11*3+J11*4)/E11} -> 0.28571429 | R11: {=(F11+N11)/D11} -> 0.28571429 | S11: {=R11+Q11} -> 0.57142857 | T11: {=O11/(D11-(F11+N11))} -> 0.2 | U11: {=RANK(R11,$R$4:$R$23)} -> 15 | V11: {=RANK(S11,$S$4:$S$23)} -> 13 | W11: 1
A12: 김현철 | B12: 5 | C12: {=F12/E12} -> 0 | D12: 8 | E12: 4 | F12: 0 | G12: {=F12-(H12+I12+J12)} -> 0 | H12: 0 | I12: 0 | J12: 0 | K12: 4 | L12: 0 | M12: 3 | N12: 3 | O12: 1 | P12: {=O12/D12} -> 0.125 | Q12: {=(G12*1+H12*2+I12*3+J12*4)/E12} -> 0 | R12: {=(F12+N12)/D12} -> 0.375 | S12: {=R12+Q12} -> 0.375 | T12: {=O12/(D12-(F12+N12))} -> 0.2 | U12: {=RANK(R12,$R$4:$R$23)} -> 13 | V12: {=RANK(S12,$S$4:$S$23)} -> 16 | W12: 1
A13: 김형준 | B13: 7 | C13: {=F13/E13} -> 0.53333333 | D13: 19 | E13: 15 | F13: 8 | G13: {=F13-(H13+I13+J13)} -> 6 | H13: 2 | I13: 0 | J13: 0 | K13: 7 | L13: 4 | M13: 6 | N13: 4 | O13: 0 | P13: {=O13/D13} -> 0 | Q13: {=(G13*1+H13*2+I13*3+J13*4)/E13} -> 0.66666667 | R13: {=(F13+N13)/D13} -> 0.63157895 | S13: {=R13+Q13} -> 1.2982456 | T13: {=O13/(D13-(F13+N13))} -> 0 | U13: {=RANK(R13,$R$4:$R$23)} -> 4 | V13: {=RANK(S13,$S$4:$S$23)} -> 2 | W13: 1
A14: 남동수 | B14: 5 | C14: {=F14/E14} -> 0.14285714 | D14: 16 | E14: 14 | F14: 2 | G14: {=F14-(H14+I14+J14)} -> 0 | H14: 2 | I14: 0 | J14: 0 | K14: 3 | L14: 5 | M14: 1 | N14: 2 | O14: 8 | P14: {=O14/D14} -> 0.5 | Q14: {=(G14*1+H14*2+I14*3+J14*4)/E14} -> 0.28571429 | R14: {=(F14+N14)/D14} -> 0.25 | S14: {=R14+Q14} -> 0.53571429 | T14: {=O14/(D14-(F14+N14))} -> 0.66666667 | U14: {=RANK(R14,$R$4:$R$23)} -> 16 | V14: {=RANK(S14,$S$4:$S$23)} -> 14 | W14: 4
A15: 류동현 | B15: 5 | C15: {=F15/E15} -> 0.46153846 | D15: 15 | E15: 13 | F15: 6 | G15: {=F15-(H15+I15+J15)} -> 5 | H15: 1 | I15: 0 | J15: 0 | K15: 7 | L15: 8 | M15: 5 | N15: 2 | O15: 1 | P15: {=O15/D15} -> 0.066666667 | Q15: {=(G15*1+H15*2+I15*3+J15*4)/E15} -> 0.53846154 | R15: {=(F15+N15)/D15} -> 0.53333333 | S15: {=R15+Q15} -> 1.0717949 | T15: {=O15/(D15-(F15+N15))} -> 0.14285714 | U15: {=RANK(R15,$R$4:$R$23)} -> 6 | V15: {=RANK(S15,$S$4:$S$23)} -> 8
A16: 박영준 | B16: 6 | C16: {=F16/E16} -> 0.375 | D16: 20 | E16: 16 | F16: 6 | G16: {=F16-(H16+I16+J16)} -> 4 | H16: 1 | I16: 1 | J16: 0 | K16: 7 | L16: 4 | M16: 6 | N16: 4 | O16: 3 | P16: {=O16/D16} -> 0.15 | Q16: {=(G16*1+H16*2+I16*3+J16*4)/E16} -> 0.5625 | R16: {=(F16+N16)/D16} -> 0.5 | S16: {=R16+Q16} -> 1.0625 | T16: {=O16/(D16-(F16+N16))} -> 0.3 | U16: {=RANK(R16,$R$4:$R$23)} -> 8 | V16: {=RANK(S16,$S$4:$S$23)} -> 9 | W16: 1
A17: 박재현 | B17: 5 | C17: {=F17/E17} -> 0.25 | D17: 9 | E17: 8 | F17: 2 | G17: {=F17-(H17+I17+J17)} -> 2 | H17: 0 | I17: 0 | J17: 0 | K17: 4 | L17: 0 | M17: 1 | N17: 1 | O17: 1 | P17: {=O17/D17} -> 0.11111111 | Q17: {=(G17*1+H17*2+I17*3+J17*4)/E17} -> 0.25 | R17: {=(F17+N17)/D17} -> 0.33333333 | S17: {=R17+Q17} -> 0.58333333 | T17: {=O17/(D17-(F17+N17))} -> 0.16666667 | U17: {=RANK(R17,$R$4:$R$23)} -> 14 | V17: {=RANK(S17,$S$4:$S$23)} -> 12
A18: 백정철 | B18: 2 | C18: {=F18/E18} -> 0.5 | D18: 6 | E18: 4 | F18: 2 | G18: {=F18-(H18+I18+J18)} -> 2 | H18: 0 | I18: 0 | J18: 0 | K18: 1 | L18: 1 | M18: 0 | N18: 2 | O18: 0 | P18: {=O18/D18} -> 0 | Q18: {=(G18*1+H18*2+I18*3+J18*4)/E18} -> 0.5 | R18: {=(F18+N18)/D18} -> 0.66666667 | S18: {=R18+Q18} -> 1.1666667 | T18: {=O18/(D18-(F18+N18))} -> 0 | U18: {=RANK(R18,$R$4:$R$23)} -> 2 | V18: {=RANK(S18,$S$4:$S$23)} -> 4
A19: 이동진 | B19: 1 | C19: {=F19/E19} -> 0 | D19: 1 | E19: 1 | F19: 0 | G19: {=F19-(H19+I19+J19)} -> 0 | H19: 0 | I19: 0 | J19: 0 | K19: 0 | L19: 0 | M19: 0 | N19: 0 | O19: 1 | P19: {=O19/D19} -> 1 | Q19: {=(G19*1+H19*2+I19*3+J19*4)/E19} -> 0 | R19: {=(F19+N19)/D19} -> 0 | S19: {=R19+Q19} -> 0 | T19: {=O19/(D19-(F19+N19))} -> 1 | U19: {=RANK(R19,$R$4:$R$23)} -> 17 | V19: {=RANK(S19,$S$4:$S$23)} -> 17 | W19: 3
A20: 이철민 | B20: 6 | C20: {=F20/E20} -> 0.46666667 | D20: 15 | E20: 15 | F20: 7 | G20: {=F20-(H20+I20+J20)} -> 3 | H20: 4 | I20: 0 | J20: 0 | K20: 6 | L20: 8 | M20: 0 | N20: 0 | O20: 1 | P20: {=O20/D20} -> 0.066666667 | Q20: {=(G20*1+H20*2+I20*3+J20*4)/E20} -> 0.73333333 | R20: {=(F20+N20)/D20} -> 0.46666667 | S20: {=R20+Q20} -> 1.2 | T20: {=O20/(D20-(F20+N20))} -> 0.125 | U20: {=RANK(R20,$R$4:$R$23)} -> 11 | V20: {=RANK(S20,$S$4:$S$23)} -> 3 | W20: 2
A21: 임지헌 | B21: 3 | C21: {=F21/E21} -> 0.25 | D21: 6 | E21: 4 | F21: 1 | G21: {=F21-(H21+I21+J21)} -> 1 | H21: 0 | I21: 0 | J21: 0 | K21: 1 | L21: 1 | M21: 1 | N21: 2 | O21: 2 | P21: {=O21/D21} -> 0.33333333 | Q21: {=(G21*1+H21*2+I21*3+J21*4)/E21} -> 0.25 | R21: {=(F21+N21)/D21} -> 0.5 | S21: {=R21+Q21} -> 0.75 | T21: {=O21/(D21-(F21+N21))} -> 0.66666667 | U21: {=RANK(R21,$R$4:$R$23)} -> 8 | V21: {=RANK(S21,$S$4:$S$23)} -> 11
A22: 조태형 | B22: 6 | C22: {=F22/E22} -> 0.36363636 | D22: 15 | E22: 11 | F22: 4 | G22: {=F22-(H22+I22+J22)} -> 3 | H22: 0 | I22: 1 | J22: 0 | K22: 4 | L22: 4 | M22: 3 | N22: 4 | O22: 3 | P22: {=O22/D22} -> 0.2 | Q22: {=(G22*1+H22*2+I22*3+J22*4)/E22} -> 0.54545455 | R22: {=(F22+N22)/D22} -> 0.53333333 | S22: {=R22+Q22} -> 1.0787879 | T22: {=O22/(D22-(F22+N22))} -> 0.42857143 | U22: {=RANK(R22,$R$4:$R$23)} -> 6 | V22: {=RANK(S22,$S$4:$S$23)} -> 7 | W22: 2
A23: 차현철 | B23: 4 | C23: {=F23/E23} -> 0 | D23: 7 | E23: 2 | F23: 0 | G23: {=F23-(H23+I23+J23)} -> 0 | H23: 0 | I23: 0 | J23: 0 | K23: 3 | L23: 0 | M23: 1 | N23: 3 | O23: 2 | P23: {=O23/D23} -> 0.28571429 | Q23: {=(G23*1+H23*2+I23*3+J23*4)/E23} -> 0 | R23: {=(F23+N23)/D23} -> 0.42857143 | S23: {=R23+Q23} -> 0.42857143 | T23: {=O23/(D23-(F23+N23))} -> 0.5 | U23: {=RANK(R23,$R$4:$R$23)} -> 12 | V23: {=RANK(S23,$S$4:$S$23)} -> 15
A24: 총합 | C24: {=F24/E24} -> 0.37671233 | D24: {=SUM(D4:D23)} -> 179 | E24: {=SUM(E4:E23)} -> 146 | F24: {=SUM(F4:F23)} -> 55 | G24: {=SUM(G4:G23)} -> 37 | H24: {=SUM(H4:H23)} -> 15 | I24: {=SUM(I4:I23)} -> 3 | J24: {=SUM(J4:J23)} -> 0 | K24: {=SUM(K4:K23)} -> 62 | ... O24: {=SUM(O4:O23)} -> 26 | P24: {=O24/D24} -> 0.1452514 | W24: {=SUM(W4:W23)} -> 18
A26: 2. 투수 기록
A27: 이름 | B27: 게임수 | C27: 승 | D27: 패 | E27: 세 | F27: 타자 | G27: 타수 | H27: 이닝 | I27: 피안타 | J27: 피홈런 | K27: 볼넷 | L27: 사구 | M27: 탈삼진 | N27: 실점 | O27: 자책점 | P27: 방어율 | Q27: 제구 | R27: 피안타율 | S27: 경기당 평균 이닝 | T27: 이닝/K | U27: 수비성공률 | V27: WHIP
A28: 권강현
A29: 김민석
A30: 김병진
A31: 김형준 | B31: 5 | C31: 3 | D31: 1 | E31: 0 | F31: 99 | G31: 76 | H31: 18 | I31: 14 | J31: 0 | K31: 18 | L31: 5 | M31: 27 | N31: 24 | O31: 18 | P31: {=O31*9/H31} -> 9 | Q31: {=(K31+L31)/H31} -> 1.2777778 | R31: {=I31/H31} -> 0.77777778 | S31: {=H31/B31} -> 3.6 | T31: {=M31/H31} -> 1.5 | U31: {=O31/N31} -> 0.75 | V31: {=(I31+K31+L31)/H31} -> 2.0555556
A32: 류동현
A33: 박영준 | B33: 2 | C33: 0 | D33: 0 | E33: 0 | F33: 29 | G33: 20 | H33: 2.666666 | I33: 13 | J33: 0 | K33: 4 | L33: 4 | M33: 2 | N33: 16 | O33: 15 | P33: {=O33*9/H33} -> 50.625013 | Q33: {=(K33+L33)/H33} -> 3.0000008 | R33: {=I33/H33} -> 4.8750012 | S33: {=H33/B33} -> 1.333333 | T33: {=M33/H33} -> 0.75000019 | U33: {=O33/N33} -> 0.9375 | V33: {=(I33+K33+L33)/H33} -> 7.875002
A34: 임지헌
A35: 조태형 | B35: 5 | C35: 1 | D35: 2 | E35: 0 | F35: 59 | G35: 36 | H35: 8.333333 | I35: 11 | J35: 0 | K35: 14 | L35: 5 | M35: 14 | N35: 23 | O35: 20 | P35: {=O35*9/H35} -> 21.600001 | Q35: {=(K35+L35)/H35} -> 2.2800001 | R35: {=I35/H35} -> 1.3200001 | S35: {=H35/B35} -> 1.6666666 | T35: {=M35/H35} -> 1.6800001 | U35: {=O35/N35} -> 0.86956522 | V35: {=(I35+K35+L35)/H35} -> 3.6000001
A36: 총합 | C36: {=SUM(C28:C35)} -> 4 | D36: {=SUM(D28:D35)} -> 3 | E36: {=SUM(E28:E35)} -> 0 | F36: {=SUM(F28:F35)} -> 187 | G36: {=SUM(G28:G35)} -> 132 | H36: {=SUM(H28:H35)} -> 28.999999 | I36: {=SUM(I28:I35)} -> 38 | J36: {=SUM(J28:J35)} -> 0 | ... O36: {=SUM(O28:O35)} -> 53 | P36: {=O36*9/H36} -> 16.448276 | Q36: {=(K36+L36)/H36} -> 1.724138 | R36: {=I36/H36} -> 1.3103449 | S36: {=H36/B36} | T36: {=M36/H36} -> 1.4827587 | U36: {=O36/N36} -> 0.84126984 | V36: {=(I36+K36+L36)/H36} -> 3.0344829

Sheet 24 上코모도리그('24)
A1: ◎ 24년 상반기 코모도리그 ('24)
A2: 1. 타자 기록
A3: 선수명 | B3: 경기 | C3: 타율 | D3: 타석 | E3: 타수 | F3: 안타 | G3: 1루타 | H3: 2루타 | I3: 3루타 | J3: 홈런 | K3: 득점 | L3: 타점 | M3: 도루 | N3: 사사구 | O3: 삼진 | P3: 삼진률 | Q3: 장타율 | R3: 출루율 | S3: OPS | T3: 아웃 比 삼진률 | U3: 출루율 등수 | V3: OPS 등수 | W3: 실책
A4: 권강현 | B4: 3 | D4: 0 | E4: 0 | F4: 0 | G4: {=F4-(H4+I4+J4)} -> 0 | H4: 0 | I4: 0 | K4: 3 | L4: 0 | M4: 3 | N4: 0 | O4: 0 | S4: {=R4+Q4} -> 0 | U4: {=RANK(R4,$R$4:$R$23)} | V4: {=RANK(S4,$S$4:$S$23)} -> 18
A5: 권혁진 | G5: {=F5-(H5+I5+J5)} -> 0 | S5: {=R5+Q5} -> 0 | U5: {=RANK(R5,$R$4:$R$23)} | V5: {=RANK(S5,$S$4:$S$23)} -> 18
A6: 김기태 | B6: 6 | C6: {=F6/E6} -> 0.6 | D6: 23 | E6: 20 | F6: 12 | G6: {=F6-(H6+I6+J6)} -> 8 | H6: 1 | I6: 2 | J6: 1 | K6: 9 | L6: 9 | M6: 4 | N6: 3 | O6: 4 | P6: {=O6/D6} -> 0.17391304 | Q6: {=(G6*1+H6*2+I6*3+J6*4)/E6} -> 1 | R6: {=(F6+N6)/D6} -> 0.65217391 | S6: {=R6+Q6} -> 1.6521739 | T6: {=O6/(D6-(F6+N6))} -> 0.5 | U6: {=RANK(R6,$R$4:$R$23)} -> 4 | V6: {=RANK(S6,$S$4:$S$23)} -> 1
A7: 김민석 | G7: {=F7-(H7+I7+J7)} -> 0 | S7: {=R7+Q7} -> 0 | U7: {=RANK(R7,$R$4:$R$23)} | V7: {=RANK(S7,$S$4:$S$23)} -> 18
A8: 김범희 | B8: 4 | C8: {=F8/E8} -> 0.16666667 | D8: 8 | E8: 6 | F8: 1 | G8: {=F8-(H8+I8+J8)} -> 1 | H8: 0 | I8: 0 | J8: 0 | K8: 1 | L8: 0 | M8: 2 | N8: 2 | O8: 3 | P8: {=O8/D8} -> 0.375 | Q8: {=(G8*1+H8*2+I8*3+J8*4)/E8} -> 0.16666667 | R8: {=(F8+N8)/D8} -> 0.375 | S8: {=R8+Q8} -> 0.54166667 | T8: {=O8/(D8-(F8+N8))} -> 0.6 | U8: {=RANK(R8,$R$4:$R$23)} -> 15 | V8: {=RANK(S8,$S$4:$S$23)} -> 15
A9: 김병진 | B9: 2 | C9: {=F9/E9} -> 0.5 | D9: 3 | E9: 4 | F9: 2 | G9: {=F9-(H9+I9+J9)} -> 2 | H9: 0 | I9: 0 | J9: 0 | K9: 1 | L9: 1 | M9: 0 | N9: 0 | O9: 0 | P9: {=O9/D9} -> 0 | Q9: {=(G9*1+H9*2+I9*3+J9*4)/E9} -> 0.5 | R9: {=(F9+N9)/D9} -> 0.66666667 | S9: {=R9+Q9} -> 1.1666667 | T9: {=O9/(D9-(F9+N9))} -> 0 | U9: {=RANK(R9,$R$4:$R$23)} -> 1 | V9: {=RANK(S9,$S$4:$S$23)} -> 5
A10: 김재영 | B10: 9 | C10: {=F10/E10} -> 0.5483871 | D10: 35 | E10: 31 | F10: 17 | G10: {=F10-(H10+I10+J10)} -> 15 | H10: 0 | I10: 2 | J10: 0 | K10: 16 | L10: 11 | M10: 13 | N10: 3 | O10: 0 | P10: {=O10/D10} -> 0 | Q10: {=(G10*1+H10*2+I10*3+J10*4)/E10} -> 0.67741935 | R10: {=(F10+N10)/D10} -> 0.57142857 | S10: {=R10+Q10} -> 1.2488479 | T10: {=O10/(D10-(F10+N10))} -> 0 | U10: {=RANK(R10,$R$4:$R$23)} -> 7 | V10: {=RANK(S10,$S$4:$S$23)} -> 4
A11: 김태양 | B11: 6 | C11: {=F11/E11} -> 0.25 | D11: 10 | E11: 8 | F11: 2 | G11: {=F11-(H11+I11+J11)} -> 2 | H11: 0 | I11: 0 | J11: 0 | K11: 2 | L11: 4 | M11: 0 | N11: 2 | O11: 2 | P11: {=O11/D11} -> 0.2 | Q11: {=(G11*1+H11*2+I11*3+J11*4)/E11} -> 0.25 | R11: {=(F11+N11)/D11} -> 0.4 | S11: {=R11+Q11} -> 0.65 | T11: {=O11/(D11-(F11+N11))} -> 0.33333333 | U11: {=RANK(R11,$R$4:$R$23)} -> 12 | V11: {=RANK(S11,$S$4:$S$23)} -> 13
A12: 김현철 | B12: 3 | C12: {=F12/E12} -> 0.33333333 | D12: 7 | E12: 3 | F12: 1 | G12: {=F12-(H12+I12+J12)} -> 1 | H12: 0 | I12: 0 | J12: 0 | K12: 2 | L12: 1 | M12: 0 | N12: 2 | O12: 0 | P12: {=O12/D12} -> 0 | Q12: {=(G12*1+H12*2+I12*3+J12*4)/E12} -> 0.33333333 | R12: {=(F12+N12)/D12} -> 0.42857143 | S12: {=R12+Q12} -> 0.76190476 | T12: {=O12/(D12-(F12+N12))} -> 0 | U12: {=RANK(R12,$R$4:$R$23)} -> 10 | V12: {=RANK(S12,$S$4:$S$23)} -> 11
A13: 김형준 | B13: 10 | C13: {=F13/E13} -> 0.51851852 | D13: 34 | E13: 27 | F13: 14 | G13: {=F13-(H13+I13+J13)} -> 8 | H13: 5 | I13: 1 | J13: 0 | K13: 11 | L13: 13 | M13: 4 | N13: 7 | O13: 0 | P13: {=O13/D13} -> 0 | Q13: {=(G13*1+H13*2+I13*3+J13*4)/E13} -> 0.77777778 | R13: {=(F13+N13)/D13} -> 0.61764706 | S13: {=R13+Q13} -> 1.3954248 | T13: {=O13/(D13-(F13+N13))} -> 0 | U13: {=RANK(R13,$R$4:$R$23)} -> 6 | V13: {=RANK(S13,$S$4:$S$23)} -> 3
A14: 남동수 | B14: 9 | C14: {=F14/E14} -> 0.33333333 | D14: 17 | E14: 9 | F14: 3 | G14: {=F14-(H14+I14+J14)} -> 3 | H14: 0 | I14: 0 | J14: 0 | K14: 3 | L14: 3 | M14: 3 | N14: 8 | O14: 4 | P14: {=O14/D14} -> 0.23529412 | Q14: {=(G14*1+H14*2+I14*3+J14*4)/E14} -> 0.33333333 | R14: {=(F14+N14)/D14} -> 0.64705882 | S14: {=R14+Q14} -> 0.98039216 | T14: {=O14/(D14-(F14+N14))} -> 0.66666667 | U14: {=RANK(R14,$R$4:$R$23)} -> 5 | V14: {=RANK(S14,$S$4:$S$23)} -> 7
A15: 류동현 | B15: 6 | C15: {=F15/E15} -> 0.090909091 | D15: 11 | E15: 11 | F15: 1 | G15: {=F15-(H15+I15+J15)} -> 1 | H15: 0 | I15: 0 | J15: 0 | K15: 1 | L15: 1 | M15: 1 | N15: 0 | O15: 4 | P15: {=O15/D15} -> 0.36363636 | Q15: {=(G15*1+H15*2+I15*3+J15*4)/E15} -> 0.090909091 | R15: {=(F15+N15)/D15} -> 0.090909091 | S15: {=R15+Q15} -> 0.18181818 | T15: {=O15/(D15-(F15+N15))} -> 0.4 | U15: {=RANK(R15,$R$4:$R$23)} -> 17 | V15: {=RANK(S15,$S$4:$S$23)} -> 17
A16: 박영준 | B16: 9 | C16: {=F16/E16} -> 0.31818182 | D16: 31 | E16: 22 | F16: 7 | G16: {=F16-(H16+I16+J16)} -> 5 | H16: 1 | I16: 1 | J16: 0 | K16: 9 | L16: 4 | M16: 10 | N16: 8 | O16: 4 | P16: {=O16/D16} -> 0.12903226 | Q16: {=(G16*1+H16*2+I16*3+J16*4)/E16} -> 0.45454545 | R16: {=(F16+N16)/D16} -> 0.48387097 | S16: {=R16+Q16} -> 0.93841642 | T16: {=O16/(D16-(F16+N16))} -> 0.25 | U16: {=RANK(R16,$R$4:$R$23)} -> 9 | V16: {=RANK(S16,$S$4:$S$23)} -> 8
A17: 박재현 | B17: 7 | C17: {=F17/E17} -> 0.33333333 | D17: 15 | E17: 12 | F17: 4 | G17: {=F17-(H17+I17+J17)} -> 3 | H17: 1 | I17: 0 | J17: 0 | K17: 3 | L17: 2 | M17: 1 | N17: 2 | O17: 2 | P17: {=O17/D17} -> 0.13333333 | Q17: {=(G17*1+H17*2+I17*3+J17*4)/E17} -> 0.41666667 | R17: {=(F17+N17)/D17} -> 0.4 | S17: {=R17+Q17} -> 0.81666667 | T17: {=O17/(D17-(F17+N17))} -> 0.22222222 | U17: {=RANK(R17,$R$4:$R$23)} -> 12 | V17: {=RANK(S17,$S$4:$S$23)} -> 10
A18: 백정철 | B18: 8 | C18: {=F18/E18} -> 0.3 | D18: 25 | E18: 20 | F18: 6 | G18: {=F18-(H18+I18+J18)} -> 6 | H18: 0 | I18: 0 | J18: 0 | K18: 5 | L18: 6 | M18: 0 | N18: 4 | O18: 5 | P18: {=O18/D18} -> 0.2 | Q18: {=(G18*1+H18*2+I18*3+J18*4)/E18} -> 0.3 | R18: {=(F18+N18)/D18} -> 0.4 | S18: {=R18+Q18} -> 0.7 | T18: {=O18/(D18-(F18+N18))} -> 0.33333333 | U18: {=RANK(R18,$R$4:$R$23)} -> 12 | V18: {=RANK(S18,$S$4:$S$23)} -> 12
A19: 이동진 | B19: 2 | C19: {=F19/E19} -> 0 | D19: 4 | E19: 2 | F19: 0 | G19: {=F19-(H19+I19+J19)} -> 0 | H19: 0 | I19: 0 | J19: 0 | K19: 1 | L19: 0 | M19: 0 | N19: 2 | O19: 0 | P19: {=O19/D19} -> 0 | Q19: {=(G19*1+H19*2+I19*3+J19*4)/E19} -> 0 | R19: {=(F19+N19)/D19} -> 0.5 | S19: {=R19+Q19} -> 0.5 | T19: {=O19/(D19-(F19+N19))} -> 0 | U19: {=RANK(R19,$R$4:$R$23)} -> 8 | V19: {=RANK(S19,$S$4:$S$23)} -> 16
... A23: 차현철 | B23: 4 | C23: {=F23/E23} -> 0.5 | D23: 12 | E23: 8 | F23: 4 | G23: {=F23-(H23+I23+J23)} -> 4 | H23: 0 | I23: 0 | J23: 0 | K23: 6 | L23: 2 | M23: 1 | N23: 4 | O23: 1 | P23: {=O23/D23} -> 0.083333333 | Q23: {=(G23*1+H23*2+I23*3+J23*4)/E23} -> 0.5 | R23: {=(F23+N23)/D23} -> 0.66666667 | S23: {=R23+Q23} -> 1.1666667 | T23: {=O23/(D23-(F23+N23))} -> 0.25 | U23: {=RANK(R23,$R$4:$R$23)} -> 1 | V23: {=RANK(S23,$S$4:$S$23)} -> 5
A24: 총합 | C24: {=F24/E24} -> 0.40517241 | D24: {=SUM(D4:D23)} -> 294 | E24: {=SUM(E4:E23)} -> 232 | F24: {=SUM(F4:F23)} -> 94 | G24: {=SUM(G4:G23)} -> 71 | H24: {=SUM(H4:H23)} -> 15 | I24: {=SUM(I4:I23)} -> 6 | J24: {=SUM(J4:J23)} -> 2 | K24: {=SUM(K4:K23)} -> 92 | ... O24: {=SUM(O4:O23)} -> 35 | P24: {=O24/D24} -> 0.11904762 | W24: {=SUM(W4:W23)} -> 0
A26: 2. 투수 기록
A27: 이름 | B27: 게임수 | C27: 승 | D27: 패 | E27: 세 | F27: 타자 | G27: 타수 | H27: 이닝 | I27: 피안타 | J27: 피홈런 | K27: 볼넷 | L27: 사구 | M27: 탈삼진 | N27: 실점 | O27: 자책점 | P27: 방어율 | Q27: 제구 | R27: 피안타율 | S27: 경기당 평균 이닝 | T27: 이닝/K | U27: 수비성공률 | V27: WHIP
A28: 권강현
A29: 김민석
A30: 김병진
A31: 김형준 | B31: 7 | C31: 5 | D31: 2 | E31: 0 | F31: 171 | G31: 152 | H31: 34 | I31: 36 | J31: 0 | K31: 21 | L31: 5 | M31: 45 | N31: 36 | O31: 16 | P31: {=O31*9/H31} -> 4.2352941 | Q31: {=(K31+L31)/H31} -> 0.76470588 | R31: {=I31/H31} -> 1.0588235 | S31: {=H31/B31} -> 4.8571429 | T31: {=M31/H31} -> 1.3235294 | U31: {=O31/N31} -> 0.44444444 | V31: {=(I31+K31)/H31} -> 1.6764706 | Y31: 3.29
A32: 남동수
A33: 류동현
A34: 박영준 | B34: 3 | C34: 1 | D34: 0 | E34: 0 | F34: 34 | G34: 25 | H34: 6 | I34: 10 | J34: 0 | K34: 8 | L34: 0 | M34: 4 | N34: 9 | O34: 7 | P34: {=O34*9/H34} -> 10.5 | Q34: {=(K34+L34)/H34} -> 1.3333333 | R34: {=I34/H34} -> 1.6666667 | S34: {=H34/B34} -> 2 | T34: {=M34/H34} -> 0.66666667 | U34: {=O34/N34} -> 0.77777778 | V34: {=(I34+K34)/H34} -> 3
A35: 이동진
A36: 임지헌
A37: 조태형 | B37: 2 | C37: 2 | D37: 0 | E37: 0 | F37: 36 | G37: 27 | H37: 8 | I37: 3 | J37: 0 | K37: 8 | L37: 1 | M37: 10 | N37: 4 | O37: 1 | P37: {=O37*9/H37} -> 1.125 | Q37: {=(K37+L37)/H37} -> 1.125 | R37: {=I37/H37} -> 0.375 | S37: {=H37/B37} -> 4 | T37: {=M37/H37} -> 1.25 | U37: {=O37/N37} -> 0.25 | V37: {=(I37+K37)/H37} -> 1.375
A38: 총합 | C38: {=SUM(C28:C37)} -> 8 | D38: {=SUM(D28:D37)} -> 2 | E38: {=SUM(E28:E37)} -> 0 | F38: {=SUM(F28:F37)} -> 241 | G38: {=SUM(G28:G37)} -> 204 | H38: {=SUM(H28:H37)} -> 48 | I38: {=SUM(I28:I37)} -> 49 | J38: {=SUM(J28:J37)} -> 0 | ... O38: {=SUM(O28:O37)} -> 24 | P38: {=O38*9/H38} -> 4.5 | Q38: {=(K38+L38)/H38} -> 0.89583333 | R38: {=I38/H38} -> 1.0208333 | S38: {=H38/B38} | T38: {=M38/H38} -> 1.2291667 | U38: {=O38/N38} -> 0.48979592 | V38: {=(I38+K38+L38)/H38} -> 1.9166667

Sheet 24 上디비전리그('24)
A1: ◎ 24년 상반기 디비전리그 ('24)
A2: 1. 타자 기록
A3: 선수명 | B3: 경기 | C3: 타율 | D3: 타석 | E3: 타수 | F3: 안타 | G3: 1루타 | H3: 2루타 | I3: 3루타 | J3: 홈런 | K3: 득점 | L3: 타점 | M3: 도루 | N3: 사사구 | O3: 삼진 | P3: 삼진률 | Q3: 장타율 | R3: 출루율 | S3: OPS | T3: 아웃 比 삼진률 | U3: 출루율 등수 | V3: OPS 등수 | W3: 실책
A4: 권강현 | B4: 5 | C4: {=F4/E4} -> 0.090909091 | D4: 14 | E4: 11 | F4: 1 | G4: {=F4-(H4+I4+J4)} -> 1 | H4: 0 | I4: 0 | J4: 0 | K4: 3 | L4: 1 | M4: 3 | N4: 3 | O4: 5 | P4: {=O4/D4} -> 0.35714286 | Q4: {=(G4*1+H4*2+I4*3+J4*4)/E4} -> 0.090909091 | R4: {=(F4+N4)/D4} -> 0.28571429 | S4: {=R4+Q4} -> 0.37662338 | T4: {=O4/(D4-(F4+N4))} -> 0.5 | U4: {=RANK(R4,$R$4:$R$23)} -> 15 | V4: {=RANK(S4,$S$4:$S$23)} -> 16
A5: 권혁진 | B5: 5 | C5: {=F5/E5} -> 0 | D5: 9 | E5: 6 | F5: 0 | G5: {=F5-(H5+I5+J5)} -> 0 | H5: 0 | I5: 0 | J5: 0 | K5: 1 | L5: 0 | M5: 0 | N5: 3 | O5: 5 | P5: {=O5/D5} -> 0.55555556 | Q5: {=(G5*1+H5*2+I5*3+J5*4)/E5} -> 0 | R5: {=(F5+N5)/D5} -> 0.33333333 | S5: {=R5+Q5} -> 0.33333333 | T5: {=O5/(D5-(F5+N5))} -> 0.83333333 | U5: {=RANK(R5,$R$4:$R$23)} -> 13 | V5: {=RANK(S5,$S$4:$S$23)} -> 17
A6: 김기태 | B6: 5 | C6: {=F6/E6} -> 0.6 | D6: 10 | E6: 10 | F6: 6 | G6: {=F6-(H6+I6+J6)} -> 5 | H6: 1 | I6: 0 | J6: 0 | K6: 1 | L6: 8 | M6: 1 | N6: 0 | O6: 0 | P6: {=O6/D6} -> 0 | Q6: {=(G6*1+H6*2+I6*3+J6*4)/E6} -> 0.7 | R6: {=(F6+N6)/D6} -> 0.6 | S6: {=R6+Q6} -> 1.3 | U6: {=RANK(R6,$R$4:$R$23)} -> 5 | V6: {=RANK(S6,$S$4:$S$23)} -> 4
A7: 김민석 | B7: 1 | C7: {=F7/E7} -> 0 | D7: 1 | E7: 1 | F7: 0 | G7: {=F7-(H7+I7+J7)} -> 0 | H7: 0 | I7: 0 | J7: 0 | K7: 0 | L7: 0 | M7: 0 | N7: 0 | O7: 1
A8: 김범희 | B8: 7 | C8: {=F8/E8} -> 0.5 | D8: 20 | E8: 14 | F8: 7 | G8: {=F8-(H8+I8+J8)} -> 4 | H8: 2 | I8: 0 | J8: 1 | K8: 9 | L8: 7 | M8: 2 | N8: 6 | O8: 2 | P8: {=O8/D8} -> 0.1 | Q8: {=(G8*1+H8*2+I8*3+J8*4)/E8} -> 0.85714286 | R8: {=(F8+N8)/D8} -> 0.65 | S8: {=R8+Q8} -> 1.5071429 | T8: {=O8/(D8-(F8+N8))} -> 0.28571429 | U8: {=RANK(R8,$R$4:$R$23)} -> 4 | V8: {=RANK(S8,$S$4:$S$23)} -> 1 | W8: 1
A9: 김병진 | B9: 2 | C9: {=F9/E9} -> 0.25 | D9: 5 | E9: 4 | F9: 1 | G9: {=F9-(H9+I9+J9)} -> 1 | H9: 0 | I9: 0 | J9: 0 | K9: 2 | L9: 1 | M9: 1 | N9: 1 | O9: 0 | P9: {=O9/D9} -> 0 | Q9: {=(G9*1+H9*2+I9*3+J9*4)/E9} -> 0.25 | R9: {=(F9+N9)/D9} -> 0.4 | S9: {=R9+Q9} -> 0.65 | U9: {=RANK(R9,$R$4:$R$23)} -> 10 | V9: {=RANK(S9,$S$4:$S$23)} -> 14
A10: 김재영 | B10: 6 | C10: {=F10/E10} -> 0.5 | D10: 12 | E10: 10 | F10: 5 | G10: {=F10-(H10+I10+J10)} -> 4 | H10: 1 | I10: 0 | J10: 0 | K10: 3 | L10: 3 | M10: 10 | N10: 2 | O10: 2 | P10: {=O10/D10} -> 0.16666667 | Q10: {=(G10*1+H10*2+I10*3+J10*4)/E10} -> 0.6 | R10: {=(F10+N10)/D10} -> 0.58333333 | S10: {=R10+Q10} -> 1.1833333 | U10: {=RANK(R10,$R$4:$R$23)} -> 6 | V10: {=RANK(S10,$S$4:$S$23)} -> 6
A11: 김태양 | B11: 5 | C11: {=F11/E11} -> 0.3 | D11: 11 | E11: 10 | F11: 3 | G11: {=F11-(H11+I11+J11)} -> 2 | H11: 1 | I11: 0 | J11: 0 | K11: 2 | L11: 1 | M11: 5 | N11: 1 | O11: 2 | P11: {=O11/D11} -> 0.18181818 | Q11: {=(G11*1+H11*2+I11*3+J11*4)/E11} -> 0.4 | R11: {=(F11+N11)/D11} -> 0.36363636 | S11: {=R11+Q11} -> 0.76363636 | T11: {=O11/(D11-(F11+N11))} -> 0.28571429 | U11: {=RANK(R11,$R$4:$R$23)} -> 12 | V11: {=RANK(S11,$S$4:$S$23)} -> 11
A12: 김현철 | B12: 3 | C12: {=F12/E12} -> 0.28571429 | D12: 8 | E12: 7 | F12: 2 | G12: {=F12-(H12+I12+J12)} -> 2 | H12: 0 | I12: 0 | J12: 0 | K12: 4 | L12: 3 | M12: 2 | N12: 0 | O12: 0 | P12: {=O12/D12} -> 0 | Q12: {=(G12*1+H12*2+I12*3+J12*4)/E12} -> 0.28571429 | R12: {=(F12+N12)/D12} -> 0.25 | S12: {=R12+Q12} -> 0.53571429 | T12: {=O12/(D12-(F12+N12))} -> 0 | U12: {=RANK(R12,$R$4:$R$23)} -> 16 | V12: {=RANK(S12,$S$4:$S$23)} -> 15
A13: 김형준 | B13: 1 | C13: {=F13/E13} -> 0 | D13: 2 | E13: 2 | F13: 0 | G13: {=F13-(H13+I13+J13)} -> 0 | H13: 0 | I13: 0 | J13: 0 | K13: 0 | L13: 0 | M13: 0 | N13: 0 | O13: 0 | P13: {=O13/D13} -> 0 | Q13: {=(G13*1+H13*2+I13*3+J13*4)/E13} -> 0 | R13: {=(F13+N13)/D13} -> 0 | S13: {=R13+Q13} -> 0 | U13: {=RANK(R13,$R$4:$R$23)} -> 19 | V13: {=RANK(S13,$S$4:$S$23)} -> 19
A14: 남동수 | B14: 7 | C14: {=F14/E14} -> 0.33333333 | D14: 19 | E14: 15 | F14: 5 | G14: {=F14-(H14+I14+J14)} -> 4 | H14: 1 | I14: 0 | J14: 0 | K14: 7 | L14: 3 | M14: 6 | N14: 3 | O14: 7 | P14: {=O14/D14} -> 0.36842105 | Q14: {=(G14*1+H14*2+I14*3+J14*4)/E14} -> 0.4 | R14: {=(F14+N14)/D14} -> 0.42105263 | S14: {=R14+Q14} -> 0.82105263 | T14: {=O14/(D14-(F14+N14))} -> 0.63636364 | U14: {=RANK(R14,$R$4:$R$23)} -> 9 | V14: {=RANK(S14,$S$4:$S$23)} -> 9
A15: 류동현 | B15: 4 | C15: {=F15/E15} -> 0.28571429 | D15: 8 | E15: 7 | F15: 2 | G15: {=F15-(H15+I15+J15)} -> 1 | H15: 1 | I15: 0 | J15: 0 | K15: 3 | L15: 2 | M15: 1 | N15: 0 | O15: 2 | P15: {=O15/D15} -> 0.25 | Q15: {=(G15*1+H15*2+I15*3+J15*4)/E15} -> 0.42857143 | R15: {=(F15+N15)/D15} -> 0.25 | S15: {=R15+Q15} -> 0.67857143 | T15: {=O15/(D15-(F15+N15))} -> 0.33333333 | U15: {=RANK(R15,$R$4:$R$23)} -> 16 | V15: {=RANK(S15,$S$4:$S$23)} -> 12
A16: 박영준 | B16: 5 | C16: {=F16/E16} -> 0.625 | D16: 11 | E16: 8 | F16: 5 | G16: {=F16-(H16+I16+J16)} -> 5 | H16: 0 | I16: 0 | J16: 0 | K16: 3 | L16: 1 | M16: 5 | N16: 3 | O16: 1 | P16: {=O16/D16} -> 0.090909091 | Q16: {=(G16*1+H16*2+I16*3+J16*4)/E16} -> 0.625 | R16: {=(F16+N16)/D16} -> 0.72727273 | S16: {=R16+Q16} -> 1.3522727 | U16: {=RANK(R16,$R$4:$R$23)} -> 2 | V16: {=RANK(S16,$S$4:$S$23)} -> 3
A17: 박재현 | B17: 7 | C17: {=F17/E17} -> 0.41176471 | D17: 18 | E17: 17 | F17: 7 | G17: {=F17-(H17+I17+J17)} -> 5 | H17: 2 | I17: 0 | J17: 0 | K17: 6 | L17: 6 | M17: 3 | N17: 1 | O17: 3 | P17: {=O17/D17} -> 0.16666667 | Q17: {=(G17*1+H17*2+I17*3+J17*4)/E17} -> 0.52941176 | R17: {=(F17+N17)/D17} -> 0.44444444 | S17: {=R17+Q17} -> 0.97385621 | T17: {=O17/(D17-(F17+N17))} -> 0.3 | U17: {=RANK(R17,$R$4:$R$23)} -> 8 | V17: {=RANK(S17,$S$4:$S$23)} -> 7 | W17: 1
A18: 백정철 | B18: 3 | C18: {=F18/E18} -> 0.4 | D18: 6 | E18: 5 | F18: 2 | G18: {=F18-(H18+I18+J18)} -> 1 | H18: 0 | I18: 0 | J18: 1 | K18: 3 | L18: 3 | M18: 0 | N18: 1 | O18: 1 | P18: {=O18/D18} -> 0.16666667 | Q18: {=(G18*1+H18*2+I18*3+J18*4)/E18} -> 1 | R18: {=(F18+N18)/D18} -> 0.5 | S18: {=R18+Q18} -> 1.5 | T18: {=O18/(D18-(F18+N18))} -> 0.33333333 | U18: {=RANK(R18,$R$4:$R$23)} -> 7 | V18: {=RANK(S18,$S$4:$S$23)} -> 2 | W18: 1
A19: 이동진 | B19: 3 | C19: {=F19/E19} -> 0 | D19: 4 | E19: 3 | F19: 0 | G19: {=F19-(H19+I19+J19)} -> 0 | H19: 0 | I19: 0 | J19: 0 | K19: 1 | L19: 0 | M19: 0 | N19: 1 | O19: 0 | P19: {=O19/D19} -> 0 | Q19: {=(G19*1+H19*2+I19*3+J19*4)/E19} -> 0 | R19: {=(F19+N19)/D19} -> 0.25 | S19: {=R19+Q19} -> 0.25 | T19: {=O19/(D19-(F19+N19))} -> 0 | U19: {=RANK(R19,$R$4:$R$23)} -> 16 | V19: {=RANK(S19,$S$4:$S$23)} -> 18
A20: 이철민 | B20: 3 | C20: {=F20/E20} -> 0.75 | D20: 5 | E20: 4 | F20: 3 | G20: {=F20-(H20+I20+J20)} -> 3 | H20: 0 | I20: 0 | J20: 0 | K20: 2 | L20: 0 | M20: 0 | N20: 1 | O20: 0 | P20: {=O20/D20} -> 0 | R20: {=(F20+N20)/D20} -> 0.8 | S20: {=R20+Q20} -> 0.8 | U20: {=RANK(R20,$R$4:$R$23)} -> 1 | V20: {=RANK(S20,$S$4:$S$23)} -> 10 | W20: 1
A21: 임지헌 | B21: 5 | C21: {=F21/E21} -> 0.57142857 | D21: 13 | E21: 7 | F21: 4 | G21: {=F21-(H21+I21+J21)} -> 4 | H21: 0 | I21: 0 | J21: 0 | K21: 3 | L21: 7 | M21: 3 | N21: 5 | O21: 1 | P21: {=O21/D21} -> 0.076923077 | Q21: {=(G21*1+H21*2+I21*3+J21*4)/E21} -> 0.57142857 | R21: {=(F21+N21)/D21} -> 0.69230769 | S21: {=R21+Q21} -> 1.2637363 | U21: {=RANK(R21,$R$4:$R$23)} -> 3 | V21: {=RANK(S21,$S$4:$S$23)} -> 5 | W21: 2
A22: 조태형 | B22: 4 | C22: {=F22/E22} -> 0.375 | D22: 10 | E22: 8 | F22: 3 | G22: {=F22-(H22+I22+J22)} -> 2 | H22: 1 | I22: 0 | J22: 0 | K22: 3 | L22: 4 | M22: 2 | N22: 1 | O22: 2 | P22: {=O22/D22} -> 0.2 | Q22: {=(G22*1+H22*2+I22*3+J22*4)/E22} -> 0.5 | R22: {=(F22+N22)/D22} -> 0.4 | S22: {=R22+Q22} -> 0.9 | T22: {=O22/(D22-(F22+N22))} -> 0.33333333 | U22: {=RANK(R22,$R$4:$R$23)} -> 10 | V22: {=RANK(S22,$S$4:$S$23)} -> 8
A23: 차현철 | B23: 3 | C23: {=F23/E23} -> 0.33333333 | D23: 12 | E23: 9 | F23: 3 | G23: {=F23-(H23+I23+J23)} -> 3 | H23: 0 | I23: 0 | J23: 0 | K23: 3 | L23: 2 | M23: 0 | N23: 1 | O23: 2 | P23: {=O23/D23} -> 0.16666667 | Q23: {=(G23*1+H23*2+I23*3+J23*4)/E23} -> 0.33333333 | R23: {=(F23+N23)/D23} -> 0.33333333 | S23: {=R23+Q23} -> 0.66666667 | T23: {=O23/(D23-(F23+N23))} -> 0.25 | U23: {=RANK(R23,$R$4:$R$23)} -> 13 | V23: {=RANK(S23,$S$4:$S$23)} -> 13
A24: 총합 | C24: {=F24/E24} -> 0.37341772 | D24: {=SUM(D4:D23)} -> 198 | E24: {=SUM(E4:E23)} -> 158 | F24: {=SUM(F4:F23)} -> 59 | G24: {=SUM(G4:G23)} -> 47 | H24: {=SUM(H4:H23)} -> 10 | I24: {=SUM(I4:I23)} -> 0 | J24: {=SUM(J4:J23)} -> 2 | K24: {=SUM(K4:K23)} -> 59 | ... O24: {=SUM(O4:O23)} -> 36 | P24: {=O24/D24} -> 0.18181818 | W24: {=SUM(W4:W23)} -> 6
A26: 2. 투수 기록
A27: 이름 | B27: 게임수 | C27: 승 | D27: 패 | E27: 세 | F27: 타자 | G27: 타수 | H27: 이닝 | I27: 피안타 | J27: 피홈런 | K27: 볼넷 | L27: 사구 | M27: 탈삼진 | N27: 실점 | O27: 자책점 | P27: 방어율 | Q27: 제구 | R27: 피안타율 | S27: 경기당 평균 이닝 | T27: 이닝/K | U27: 수비성공률 | V27: WHIP
A28: 권강현 | B28: 2 | F28: 26 | G28: 9 | H28: 2.3333333 | I28: 3 | J28: 0 | K28: 16 | L28: 0 | M28: 1 | N28: 17 | O28: 14 | P28: {=O28*9/H28} -> 54 | Q28: {=(K28+L28)/H28} -> 6.8571429 | R28: {=I28/H28} -> 1.2857143 | S28: {=H28/B28} -> 1.1666667 | T28: {=M28/H28} -> 0.42857143 | U28: {=O28/N28} -> 0.82352941 | V28: {=(I28+K28+L28)/H28} -> 8.1428571
A29: 김민석
A30: 김병진 | B30: 2 | C30: 1 | F30: 12 | G30: 9 | H30: 1 | I30: 3 | J30: 0 | K30: 3 | L30: 0 | M30: 2 | N30: 7 | O30: 1 | P30: {=O30*9/H30} -> 9 | Q30: {=(K30+L30)/H30} -> 3 | R30: {=I30/H30} -> 3 | S30: {=H30/B30} -> 0.5 | T30: {=M30/H30} -> 2 | U30: {=O30/N30} -> 0.14285714 | V30: {=(I30+K30+L30)/H30} -> 6
A31: 김형준
A32: 남동수 | B32: 1 | F32: 3 | G32: 1 | H32: 0.3333333 | I32: 0 | J32: 0 | K32: 2 | L32: 0 | M32: 0 | N32: 0 | O32: 0 | P32: {=O32*9/H32} -> 0 | Q32: {=(K32+L32)/H32} -> 6.0000006 | R32: {=I32/H32} -> 0 | S32: {=H32/B32} -> 0.3333333 | T32: {=M32/H32} -> 0 | V32: {=(I32+K32+L32)/H32} -> 6.0000006
A33: 류동현 | B33: 2 | F33: 9 | G33: 7 | H33: 1.66666 | I33: 1 | J33: 0 | K33: 4 | L33: 0 | M33: 0 | N33: 0 | O33: 3 | P33: {=O33*9/H33} -> 16.200065 | Q33: {=(K33+L33)/H33} -> 2.4000096 | R33: {=I33/H33} -> 0.6000024 | S33: {=H33/B33} -> 0.83333 | T33: {=M33/H33} -> 0 | V33: {=(I33+K33+L33)/H33} -> 3.000012
A34: 박영준 | D34: 1 | F34: 26 | G34: 22 | H34: 3 | I34: 14 | J34: 1 | K34: 1 | L34: 3 | M34: 5 | N34: 14 | O34: 11 | P34: {=O34*9/H34} -> 33
A35: 이동진 | B35: 4 | D35: 2 | F35: 50 | G35: 41 | H35: 4.6666667 | I35: 25 | J35: 2 | K35: 7 | L35: 2 | M35: 5 | N35: 31 | O35: 23 | P35: {=O35*9/H35} -> 44.357143 | Q35: {=(K35+L35)/H35} -> 1.9285714 | R35: {=I35/H35} -> 5.3571429 | S35: {=H35/B35} -> 1.1666667 | T35: {=M35/H35} -> 1.0714286 | U35: {=O35/N35} -> 0.74193548 | V35: {=(I35+K35+L35)/H35} -> 7.2857143
A36: 임지헌 | B36: 1 | F36: 3 | G36: 1 | H36: 0.33333333 | I36: 0 | J36: 0 | K36: 2 | L36: 0 | M36: 0 | N36: 0 | O36: 0 | P36: {=O36*9/H36} -> 0 | Q36: {=(K36+L36)/H36} -> 6.0000001 | R36: {=I36/H36} -> 0 | S36: {=H36/B36} -> 0.33333333 | T36: {=M36/H36} -> 0 | V36: {=(I36+K36+L36)/H36} -> 6.0000001
A37: 조태형 | B37: 4 | D37: 1 | F37: 40 | G37: 31 | H37: 6.6666667 | I37: 9 | J37: 0 | K37: 8 | L37: 1 | M37: 16 | N37: 7 | O37: 6 | P37: {=O37*9/H37} -> 8.1 | Q37: {=(K37+L37)/H37} -> 1.35 | R37: {=I37/H37} -> 1.35 | S37: {=H37/B37} -> 1.6666667 | T37: {=M37/H37} -> 2.4 | U37: {=O37/N37} -> 0.85714286 | V37: {=(I37+K37+L37)/H37} -> 2.7
A38: 총합 | C38: {=SUM(C28:C37)} -> 1 | D38: {=SUM(D28:D37)} -> 4 | E38: {=SUM(E28:E37)} -> 0 | F38: {=SUM(F28:F37)} -> 169 | G38: {=SUM(G28:G37)} -> 121 | H38: {=SUM(H28:H37)} -> 19.999993 | I38: {=SUM(I28:I37)} -> 55 | J38: {=SUM(J28:J37)} -> 3 | ... O38: {=SUM(O28:O37)} -> 58 | P38: {=O38*9/H38} -> 26.100009 | Q38: {=(K38+L38)/H38} -> 2.4500008 | R38: {=I38/H38} -> 2.7500009 | S38: {=H38/B38} | T38: {=M38/H38} -> 1.4500005 | U38: {=O38/N38} -> 0.76315789 | V38: {=(I38+K38+L38)/H38} -> 5.2000017

Sheet 24 下코모도(6-A)('25)
A1: ◎ 24년 하반기 디비전리그 6부-A ('25)
A2: 1. 타자 기록
A3: 선수명 | B3: 경기 | C3: 타율 | D3: 타석 | E3: 타수 | F3: 안타 | G3: 1루타 | H3: 2루타 | I3: 3루타 | J3: 홈런 | K3: 득점 | L3: 타점 | M3: 도루 | N3: 사사구 | O3: 삼진 | P3: 삼진률 | Q3: 장타율 | R3: 출루율 | S3: OPS | T3: 아웃 比 삼진률 | U3: 출루율 등수 | V3: OPS 등수 | W3: 타율 등수 | Y3: 4구 | Z3: 사구 | AA3: 타격방해 | AB3: 실책 | AC3: Fine Play
A4: 권강현 | B4: 2 | C4: {=F4/E4} -> 0 | D4: 1 | E4: 1 | F4: 0 | G4: {=F4-(H4+I4+J4)} -> 0 | H4: 0 | I4: 0 | J4: 0 | K4: 1 | L4: 0 | M4: 1 | N4: {=Y4+Z4} -> 0 | O4: 1 | P4: {=O4/D4} -> 1 | Q4: {=(G4*1+H4*2+I4*3+J4*4)/E4} -> 0 | R4: {=(F4+N4)/(D4-AA4)} -> 0 | S4: {=R4+Q4} -> 0 | T4: {=O4/(D4-(F4+N4))} -> 1 | U4: {=RANK(R4,$R$4:$R$26)} -> 15 | V4: {=RANK(S4,$S$4:$S$26)} -> 15 | W4: {=RANK(C4,$C$4:$C$26)} -> 14 | Y4: 0 | Z4: 0 | AA4: 0 | AB4: 0
A5: 권혁진 | G5: {=F5-(H5+I5+J5)} -> 0 | N5: {=Y5+Z5} -> 0
A6: 김기태 | B6: 7 | C6: {=F6/E6} -> 0.61904762 | D6: 24 | E6: 21 | F6: 13 | G6: {=F6-(H6+I6+J6)} -> 7 | H6: 6 | I6: 0 | J6: 0 | K6: 11 | L6: 10 | M6: 9 | N6: {=Y6+Z6} -> 2 | O6: 0 | P6: {=O6/D6} -> 0 | Q6: {=(G6*1+H6*2+I6*3+J6*4)/E6} -> 0.9047619 | R6: {=(F6+N6)/(D6-AA6)} -> 0.625 | S6: {=R6+Q6} -> 1.5297619 | T6: {=O6/(D6-(F6+N6))} -> 0 | U6: {=RANK(R6,$R$4:$R$26)} -> 3 | V6: {=RANK(S6,$S$4:$S$26)} -> 1 | W6: {=RANK(C6,$C$4:$C$26)} -> 1 | Y6: 0 | Z6: 2 | AA6: 0 | AB6: 0
A7: 김민석 | G7: {=F7-(H7+I7+J7)} -> 0 | N7: {=Y7+Z7} -> 0
A8: 김범희 | B8: 3 | C8: {=F8/E8} -> 0 | D8: 3 | E8: 1 | F8: 0 | G8: {=F8-(H8+I8+J8)} -> 0 | H8: 0 | I8: 0 | J8: 0 | K8: 2 | L8: 0 | M8: 1 | N8: {=Y8+Z8} -> 2 | O8: 1 | P8: {=O8/D8} -> 0.33333333 | Q8: {=(G8*1+H8*2+I8*3+J8*4)/E8} -> 0 | R8: {=(F8+N8)/(D8-AA8)} -> 0.66666667 | S8: {=R8+Q8} -> 0.66666667 | T8: {=O8/(D8-(F8+N8))} -> 1 | U8: {=RANK(R8,$R$4:$R$26)} -> 1 | V8: {=RANK(S8,$S$4:$S$26)} -> 12 | W8: {=RANK(C8,$C$4:$C$26)} -> 14 | Y8: 2 | Z8: 0 | AA8: 0 | AB8: 0
A9: 김병진 | B9: 5 | C9: {=F9/E9} -> 0.55555556 | D9: 11 | E9: 9 | F9: 5 | G9: {=F9-(H9+I9+J9)} -> 5 | H9: 0 | I9: 0 | J9: 0 | K9: 5 | L9: 3 | M9: 2 | N9: {=Y9+Z9} -> 1 | O9: 0 | P9: {=O9/D9} -> 0 | Q9: {=(G9*1+H9*2+I9*3+J9*4)/E9} -> 0.55555556 | R9: {=(F9+N9)/(D9-AA9)} -> 0.54545455 | S9: {=R9+Q9} -> 1.1010101 | T9: {=O9/(D9-(F9+N9))} -> 0 | U9: {=RANK(R9,$R$4:$R$26)} -> 9 | V9: {=RANK(S9,$S$4:$S$26)} -> 7 | W9: {=RANK(C9,$C$4:$C$26)} -> 3 | Y9: 0 | Z9: 1 | AA9: 0 | AB9: 0
A10: 김상훈 | G10: {=F10-(H10+I10+J10)} -> 0 | N10: {=Y10+Z10} -> 0
A11: 김재영 | B11: 7 | C11: {=F11/E11} -> 0.54545455 | D11: 25 | E11: 22 | F11: 12 | G11: {=F11-(H11+I11+J11)} -> 10 | H11: 1 | I11: 1 | J11: 0 | K11: 15 | L11: 7 | M11: 14 | N11: {=Y11+Z11} -> 2 | O11: 2 | P11: {=O11/D11} -> 0.08 | Q11: {=(G11*1+H11*2+I11*3+J11*4)/E11} -> 0.68181818 | R11: {=(F11+N11)/(D11-AA11)} -> 0.56 | S11: {=R11+Q11} -> 1.2418182 | T11: {=O11/(D11-(F11+N11))} -> 0.18181818 | U11: {=RANK(R11,$R$4:$R$26)} -> 7 | V11: {=RANK(S11,$S$4:$S$26)} -> 4 | W11: {=RANK(C11,$C$4:$C$26)} -> 5 | Y11: 0 | Z11: 2 | AA11: 0 | AB11: 0
A12: 김태양 | B12: 5 | C12: {=F12/E12} -> 0.42857143 | D12: 18 | E12: 14 | F12: 6 | G12: {=F12-(H12+I12+J12)} -> 5 | H12: 1 | I12: 0 | J12: 0 | K12: 7 | L12: 3 | M12: 7 | N12: {=Y12+Z12} -> 4 | O12: 4 | P12: {=O12/D12} -> 0.22222222 | Q12: {=(G12*1+H12*2+I12*3+J12*4)/E12} -> 0.5 | R12: {=(F12+N12)/(D12-AA12)} -> 0.55555556 | S12: {=R12+Q12} -> 1.0555556 | T12: {=O12/(D12-(F12+N12))} -> 0.5 | U12: {=RANK(R12,$R$4:$R$26)} -> 8 | V12: {=RANK(S12,$S$4:$S$26)} -> 8 | W12: {=RANK(C12,$C$4:$C$26)} -> 8 | Y12: 4 | Z12: 0 | AA12: 0 | AB12: 0
A13: 김현철 | B13: 3 | C13: {=F13/E13} -> 0.6 | D13: 6 | E13: 5 | F13: 3 | G13: {=F13-(H13+I13+J13)} -> 3 | H13: 0 | I13: 0 | J13: 0 | K13: 1 | L13: 2 | M13: 2 | N13: {=Y13+Z13} -> 1 | O13: 1 | P13: {=O13/D13} -> 0.16666667 | Q13: {=(G13*1+H13*2+I13*3+J13*4)/E13} -> 0.6 | R13: {=(F13+N13)/(D13-AA13)} -> 0.66666667 | S13: {=R13+Q13} -> 1.2666667 | T13: {=O13/(D13-(F13+N13))} -> 0.5 | U13: {=RANK(R13,$R$4:$R$26)} -> 1 | V13: {=RANK(S13,$S$4:$S$26)} -> 3 | W13: {=RANK(C13,$C$4:$C$26)} -> 2 | Y13: 1 | Z13: 0 | AA13: 0 | AB13: 0
A14: 김형준 | B14: 7 | C14: {=F14/E14} -> 0.55 | D14: 23 | E14: 20 | F14: 11 | G14: {=F14-(H14+I14+J14)} -> 6 | H14: 4 | I14: 1 | J14: 0 | K14: 11 | L14: 11 | M14: 8 | N14: {=Y14+Z14} -> 3 | O14: 1 | P14: {=O14/D14} -> 0.043478261 | Q14: {=(G14*1+H14*2+I14*3+J14*4)/E14} -> 0.85 | R14: {=(F14+N14)/(D14-AA14)} -> 0.60869565 | S14: {=R14+Q14} -> 1.4586957 | T14: {=O14/(D14-(F14+N14))} -> 0.11111111 | U14: {=RANK(R14,$R$4:$R$26)} -> 4 | V14: {=RANK(S14,$S$4:$S$26)} -> 2 | W14: {=RANK(C14,$C$4:$C$26)} -> 4 | Y14: 2 | Z14: 1 | AA14: 0 | AB14: 0
A15: 남동수 | B15: 4 | C15: {=F15/E15} -> 0.27272727 | D15: 12 | E15: 11 | F15: 3 | G15: {=F15-(H15+I15+J15)} -> 3 | H15: 0 | I15: 0 | J15: 0 | K15: 2 | L15: 0 | M15: 3 | N15: {=Y15+Z15} -> 1 | O15: 3 | P15: {=O15/D15} -> 0.25 | Q15: {=(G15*1+H15*2+I15*3+J15*4)/E15} -> 0.27272727 | R15: {=(F15+N15)/(D15-AA15)} -> 0.33333333 | S15: {=R15+Q15} -> 0.60606061 | T15: {=O15/(D15-(F15+N15))} -> 0.375 | U15: {=RANK(R15,$R$4:$R$26)} -> 13 | V15: {=RANK(S15,$S$4:$S$26)} -> 13 | W15: {=RANK(C15,$C$4:$C$26)} -> 12 | Y15: 0 | Z15: 1 | AA15: 0 | AB15: 0
A16: 류동현 | B16: 6 | C16: {=F16/E16} -> 0.18181818 | D16: 13 | E16: 11 | F16: 2 | G16: {=F16-(H16+I16+J16)} -> 2 | H16: 0 | I16: 0 | J16: 0 | K16: 1 | L16: 2 | M16: 1 | N16: {=Y16+Z16} -> 1 | O16: 1 | P16: {=O16/D16} -> 0.076923077 | Q16: {=(G16*1+H16*2+I16*3+J16*4)/E16} -> 0.18181818 | R16: {=(F16+N16)/(D16-AA16)} -> 0.23076923 | S16: {=R16+Q16} -> 0.41258741 | T16: {=O16/(D16-(F16+N16))} -> 0.1 | U16: {=RANK(R16,$R$4:$R$26)} -> 14 | V16: {=RANK(S16,$S$4:$S$26)} -> 14 | W16: {=RANK(C16,$C$4:$C$26)} -> 13 | Y16: 1 | Z16: 0 | AA16: 0 | AB16: 0
A17: 박영준 | B17: 3 | C17: {=F17/E17} -> 0.375 | D17: 9 | E17: 8 | F17: 3 | G17: {=F17-(H17+I17+J17)} -> 2 | H17: 1 | I17: 0 | J17: 0 | K17: 1 | L17: 2 | M17: 4 | N17: {=Y17+Z17} -> 1 | O17: 1 | P17: {=O17/D17} -> 0.11111111 | Q17: {=(G17*1+H17*2+I17*3+J17*4)/E17} -> 0.5 | R17: {=(F17+N17)/(D17-AA17)} -> 0.44444444 | S17: {=R17+Q17} -> 0.94444444 | T17: {=O17/(D17-(F17+N17))} -> 0.2 | U17: {=RANK(R17,$R$4:$R$26)} -> 11 | V17: {=RANK(S17,$S$4:$S$26)} -> 11 | W17: {=RANK(C17,$C$4:$C$26)} -> 10 | Y17: 1 | Z17: 0 | AA17: 0 | AB17: 0
A18: 박재현 | G18: {=F18-(H18+I18+J18)} -> 0 | N18: {=Y18+Z18} -> 0
A19: 백정철 | B19: 5 | C19: {=F19/E19} -> 0.5 | D19: 15 | E19: 12 | F19: 6 | G19: {=F19-(H19+I19+J19)} -> 5 | H19: 1 | I19: 0 | J19: 0 | K19: 4 | L19: 2 | M19: 2 | N19: {=Y19+Z19} -> 2 | O19: 3 | P19: {=O19/D19} -> 0.2 | Q19: {=(G19*1+H19*2+I19*3+J19*4)/E19} -> 0.58333333 | R19: {=(F19+N19)/(D19-AA19)} -> 0.53333333 | S19: {=R19+Q19} -> 1.1166667 | T19: {=O19/(D19-(F19+N19))} -> 0.42857143 | U19: {=RANK(R19,$R$4:$R$26)} -> 10 | V19: {=RANK(S19,$S$4:$S$26)} -> 6 | W19: {=RANK(C19,$C$4:$C$26)} -> 7 | Y19: 2 | Z19: 0 | AA19: 0 | AB19: 0
A20: 윤태규
A21: 이동진 | B21: 3 | C21: {=F21/E21} -> 0.4 | D21: 7 | E21: 5 | F21: 2 | G21: {=F21-(H21+I21+J21)} -> 2 | H21: 0 | I21: 0 | J21: 0 | K21: 2 | L21: 3 | M21: 3 | N21: {=Y21+Z21} -> 2 | O21: 0 | P21: {=O21/D21} -> 0 | Q21: {=(G21*1+H21*2+I21*3+J21*4)/E21} -> 0.4 | R21: {=(F21+N21)/(D21-AA21)} -> 0.57142857 | S21: {=R21+Q21} -> 0.97142857 | T21: {=O21/(D21-(F21+N21))} -> 0 | U21: {=RANK(R21,$R$4:$R$26)} -> 6 | V21: {=RANK(S21,$S$4:$S$26)} -> 10 | W21: {=RANK(C21,$C$4:$C$26)} -> 9 | Y21: 1 | Z21: 1 | AA21: 0 | AB21: 0
A22: 이철민 | G22: {=F22-(H22+I22+J22)} -> 0 | N22: {=Y22+Z22} -> 0
A23: 임지헌 | G23: {=F23-(H23+I23+J23)} -> 0 | N23: {=Y23+Z23} -> 0
A24: 조태형 | B24: 7 | C24: {=F24/E24} -> 0.52631579 | D24: 23 | E24: 19 | F24: 10 | G24: {=F24-(H24+I24+J24)} -> 9 | H24: 1 | I24: 0 | J24: 0 | K24: 3 | L24: 9 | M24: 5 | N24: {=Y24+Z24} -> 4 | O24: 1 | P24: {=O24/D24} -> 0.043478261 | Q24: {=(G24*1+H24*2+I24*3+J24*4)/E24} -> 0.57894737 | R24: {=(F24+N24)/(D24-AA24)} -> 0.60869565 | S24: {=R24+Q24} -> 1.187643 | T24: {=O24/(D24-(F24+N24))} -> 0.11111111 | U24: {=RANK(R24,$R$4:$R$26)} -> 4 | V24: {=RANK(S24,$S$4:$S$26)} -> 5 | W24: {=RANK(C24,$C$4:$C$26)} -> 6 | Y24: 3 | Z24: 1 | AA24: 0 | AB24: 0
A25: 주혁진
A26: 차현철 | B26: 6 | C26: {=F26/E26} -> 0.3125 | D26: 21 | E26: 16 | F26: 5 | G26: {=F26-(H26+I26+J26)} -> 2 | H26: 2 | I26: 1 | J26: 0 | K26: 5 | L26: 6 | M26: 3 | N26: {=Y26+Z26} -> 3 | O26: 0 | P26: {=O26/D26} -> 0 | Q26: {=(G26*1+H26*2+I26*3+J26*4)/E26} -> 0.5625 | R26: {=(F26+N26)/(D26-AA26)} -> 0.42105263 | S26: {=R26+Q26} -> 0.98355263 | T26: {=O26/(D26-(F26+N26))} -> 0 | U26: {=RANK(R26,$R$4:$R$26)} -> 12 | V26: {=RANK(S26,$S$4:$S$26)} -> 9 | W26: {=RANK(C26,$C$4:$C$26)} -> 11 | Y26: 3 | Z26: 0 | AA26: 2 | AB26: 0
A27: 총합 | C27: {=F27/E27} -> 0.46285714 | D27: {=SUM(D4:D26)} -> 211 | E27: {=SUM(E4:E26)} -> 175 | F27: {=SUM(F4:F26)} -> 81 | G27: {=SUM(G4:G26)} -> 61 | H27: {=SUM(H4:H26)} -> 17 | I27: {=SUM(I4:I26)} -> 3 | J27: {=SUM(J4:J26)} -> 0 | K27: {=SUM(K4:K26)} -> 71 | ... O27: {=SUM(O4:O26)} -> 19 | P27: {=O27/D27} -> 0.090047393 | Y27: {=SUM(Y4:Y26)} -> 20 | Z27: {=SUM(Z4:Z26)} -> 9 | AA27: {=SUM(AA4:AA26)} -> 2 | AB27: {=SUM(AB4:AB26)} -> 0 | AC27: {=SUM(AC4:AC26)} -> 0
A29: 2. 투수 기록
A30: 이름 | B30: 게임수 | C30: 승 | D30: 패 | E30: 세 | F30: 타자 | G30: 타수 | H30: 이닝 | I30: 피안타 | J30: 피홈런 | K30: 볼넷 | L30: 사구 | M30: 탈삼진 | N30: 실점 | O30: 자책점 | P30: 방어율 | Q30: 제구 | R30: 피안타율 | S30: 경기당 평균 이닝 | T30: 이닝/K | U30: 수비 성공률 | V30: WHIP | W30: 사사구 /100타자 | Y30: 폭투 | Z30: 보크
A31: 권강현 | P31: {=O31*9/H31} | Q31: {=(K31+L31)/H31} | R31: {=I31/H31} | S31: {=H31/B31} | T31: {=M31/H31} | U31: {=O31/N31} | V31: {=(I31+K31+L31)/H31} | W31: {=(L31+K31)/F31*100}
A32: 김민석 | P32: {=O32*9/H32} | Q32: {=(K32+L32)/H32} | R32: {=I32/H32} | S32: {=H32/B32} | T32: {=M32/H32} | U32: {=O32/N32} | V32: {=(I32+K32+L32)/H32} | W32: {=(L32+K32)/F32*100}
A33: 김병진 | B33: 5 | C33: 2 | D33: 0 | E33: 0 | F33: 92 | G33: 78 | H33: 18 | I33: 25 | J33: 0 | K33: 11 | L33: 2 | M33: 13 | N33: 14 | O33: 9 | P33: {=O33*9/H33} -> 4.5 | Q33: {=(K33+L33)/H33} -> 0.72222222 | R33: {=I33/H33} -> 1.3888889 | S33: {=H33/B33} -> 3.6 | T33: {=M33/H33} -> 0.72222222 | U33: {=O33/N33} -> 0.64285714 | V33: {=(I33+K33+L33)/H33} -> 2.1111111 | W33: {=(L33+K33)/F33*100} -> 14.130435
A34: 김형준 | B34: 2 | C34: 0 | D34: 1 | E34: 0 | F34: 36 | G34: 29 | H34: 5 | I34: 11 | J34: 0 | K34: 5 | L34: 1 | M34: 3 | N34: 15 | O34: 10 | P34: {=O34*9/H34} -> 18 | Q34: {=(K34+L34)/H34} -> 1.2 | R34: {=I34/H34} -> 2.2 | S34: {=H34/B34} -> 2.5 | T34: {=M34/H34} -> 0.6 | U34: {=O34/N34} -> 0.66666667 | V34: {=(I34+K34+L34)/H34} -> 3.4 | W34: {=(L34+K34)/F34*100} -> 16.666667
A35: 남동수 | P35: {=O35*9/H35} | Q35: {=(K35+L35)/H35} | R35: {=I35/H35} | S35: {=H35/B35} | T35: {=M35/H35} | U35: {=O35/N35} | V35: {=(I35+K35+L35)/H35} | W35: {=(L35+K35)/F35*100}
A36: 류동현 | B36: 5 | C36: 2 | D36: 1 | E36: 0 | F36: 82 | G36: 59 | H36: 11 | I36: 28 | J36: 0 | K36: 19 | L36: 2 | M36: 10 | N36: 28 | O36: 21 | P36: {=O36*9/H36} -> 17.181818 | Q36: {=(K36+L36)/H36} -> 1.9090909 | R36: {=I36/H36} -> 2.5454545 | S36: {=H36/B36} -> 2.2 | T36: {=M36/H36} -> 0.90909091 | U36: {=O36/N36} -> 0.75 | V36: {=(I36+K36+L36)/H36} -> 4.4545455 | W36: {=(L36+K36)/F36*100} -> 25.609756
A37: 박영준 | P37: {=O37*9/H37} | Q37: {=(K37+L37)/H37} | R37: {=I37/H37} | S37: {=H37/B37} | T37: {=M37/H37} | U37: {=O37/N37} | V37: {=(I37+K37+L37)/H37} | W37: {=(L37+K37)/F37*100}
A38: 이동진 | P38: {=O38*9/H38} | Q38: {=(K38+L38)/H38} | R38: {=I38/H38} | S38: {=H38/B38} | T38: {=M38/H38} | U38: {=O38/N38} | V38: {=(I38+K38+L38)/H38} | W38: {=(L38+K38)/F38*100}
A39: 이철민 | P39: {=O39*9/H39} | Q39: {=(K39+L39)/H39} | R39: {=I39/H39} | S39: {=H39/B39} | T39: {=M39/H39} | U39: {=O39/N39} | V39: {=(I39+K39+L39)/H39} | W39: {=(L39+K39)/F39*100}
A40: 임지헌 | P40: {=O40*9/H40} | Q40: {=(K40+L40)/H40} | R40: {=I40/H40} | S40: {=H40/B40} | T40: {=M40/H40} | U40: {=O40/N40} | V40: {=(I40+K40+L40)/H40} | W40: {=(L40+K40)/F40*100}
A41: 조태형 | P41: {=O41*9/H41} | Q41: {=(K41+L41)/H41} | R41: {=I41/H41} | S41: {=H41/B41} | T41: {=M41/H41} | U41: {=O41/N41} | V41: {=(I41+K41+L41)/H41} | W41: {=(L41+K41)/F41*100}
A42: 총합 | C42: {=SUM(C31:C41)} -> 4 | D42: {=SUM(D31:D41)} -> 2 | E42: {=SUM(E31:E41)} -> 0 | F42: {=SUM(F31:F41)} -> 210 | G42: {=SUM(G31:G41)} -> 166 | H42: {=SUM(H31:H41)} -> 34 | I42: {=SUM(I31:I41)} -> 64 | J42: {=SUM(J31:J41)} -> 0 | ... O42: {=SUM(O31:O41)} -> 40 | P42: {=O42*9/H42} -> 10.588235 | Q42: {=(K42+L42)/H42} -> 1.1764706 | R42: {=I42/H42} -> 1.8823529 | S42: {=H42/B42} | T42: {=M42/H42} -> 0.76470588 | U42: {=O42/N42} -> 0.70175439 | V42: {=(I42+K42+L42)/H42} -> 3.0588235 | Y42: {=SUM(Y31:Y41)} -> 0 | Z42: {=SUM(Z31:Z41)} -> 0

Sheet 24 下코모도(6-C)('25)
A1: ◎ 24년 하반기 디비전리그 6부-C ('25)
A2: 1. 타자 기록
A3: 선수명 | B3: 경기 | C3: 타율 | D3: 타석 | E3: 타수 | F3: 안타 | G3: 1루타 | H3: 2루타 | I3: 3루타 | J3: 홈런 | K3: 득점 | L3: 타점 | M3: 도루 | N3: 사사구 | O3: 삼진 | P3: 삼진률 | Q3: 장타율 | R3: 출루율 | S3: OPS | T3: 아웃 比 삼진률 | U3: 출루율 등수 | V3: OPS 등수 | W3: 타율 등수 | Y3: 4구 | Z3: 사구 | AA3: 타격방해 | AB3: 실책 | AC3: Fine Play
A4: 권강현 | B4: 5 | C4: {=F4/E4} -> 0.6 | D4: 13 | E4: 10 | F4: 6 | G4: {=F4-(H4+I4+J4)} -> 5 | H4: 0 | I4: 1 | J4: 0 | K4: 5 | L4: 4 | M4: 6 | N4: {=Y4+Z4} -> 3 | O4: 4 | P4: {=O4/D4} -> 0.30769231 | Q4: {=(G4*1+H4*2+I4*3+J4*4)/E4} -> 0.8 | R4: {=(F4+N4)/D4} -> 0.69230769 | S4: {=R4+Q4} -> 1.4923077 | T4: {=O4/(D4-(F4+N4))} -> 1 | U4: {=RANK(R4,$R$4:$R$26)} -> 1 | V4: {=RANK(S4,$S$4:$S$26)} -> 2 | W4: {=RANK(C4,$C$4:$C$26)} -> 1 | Y4: 2 | Z4: 1 | AB4: 0
A5: 권혁진 | B5: 6 | C5: {=F5/E5} -> 0.11111111 | D5: 16 | E5: 9 | F5: 1 | G5: {=F5-(H5+I5+J5)} -> 1 | H5: 0 | I5: 0 | J5: 0 | K5: 3 | L5: 1 | M5: 1 | N5: {=Y5+Z5} -> 7 | O5: 6 | P5: {=O5/D5} -> 0.375 | Q5: {=(G5*1+H5*2+I5*3+J5*4)/E5} -> 0.11111111 | R5: {=(F5+N5)/D5} -> 0.5 | S5: {=R5+Q5} -> 0.61111111 | T5: {=O5/(D5-(F5+N5))} -> 0.75 | U5: {=RANK(R5,$R$4:$R$26)} -> 9 | V5: {=RANK(S5,$S$4:$S$26)} -> 12 | W5: {=RANK(C5,$C$4:$C$26)} -> 13 | Y5: 4 | Z5: 3 | AB5: 0
A6: 김기태
A7: 김민석 | B7: 1 | C7: {=F7/E7} -> 0 | D7: 2 | E7: 2 | F7: 0 | G7: {=F7-(H7+I7+J7)} -> 0 | H7: 0 | I7: 0 | J7: 0 | K7: 0 | L7: 0 | M7: 0 | N7: {=Y7+Z7} -> 0 | O7: 1 | P7: {=O7/D7} -> 0.5 | Q7: {=(G7*1+H7*2+I7*3+J7*4)/E7} -> 0 | R7: {=(F7+N7)/D7} -> 0 | S7: {=R7+Q7} -> 0 | T7: {=O7/(D7-(F7+N7))} -> 0.5 | U7: {=RANK(R7,$R$4:$R$26)} -> 19 | V7: {=RANK(S7,$S$4:$S$26)} -> 19 | W7: {=RANK(C7,$C$4:$C$26)} -> 15
A8: 김범희 | B8: 6 | C8: {=F8/E8} -> 0.14285714 | D8: 13 | E8: 7 | F8: 1 | G8: {=F8-(H8+I8+J8)} -> 1 | H8: 0 | I8: 0 | J8: 0 | K8: 3 | L8: 1 | M8: 5 | N8: {=Y8+Z8} -> 6 | O8: 2 | P8: {=O8/D8} -> 0.15384615 | Q8: {=(G8*1+H8*2+I8*3+J8*4)/E8} -> 0.14285714 | R8: {=(F8+N8)/D8} -> 0.53846154 | S8: {=R8+Q8} -> 0.68131868 | T8: {=O8/(D8-(F8+N8))} -> 0.33333333 | U8: {=RANK(R8,$R$4:$R$26)} -> 8 | V8: {=RANK(S8,$S$4:$S$26)} -> 11 | W8: {=RANK(C8,$C$4:$C$26)} -> 12 | Y8: 5 | Z8: 1 | AB8: 0
A9: 김병진 | B9: 2 | C9: {=F9/E9} -> 0 | D9: 4 | E9: 3 | F9: 0 | G9: {=F9-(H9+I9+J9)} -> 0 | H9: 0 | I9: 0 | J9: 0 | K9: 1 | L9: 0 | M9: 0 | N9: {=Y9+Z9} -> 1 | O9: 2 | P9: {=O9/D9} -> 0.5 | Q9: {=(G9*1+H9*2+I9*3+J9*4)/E9} -> 0 | R9: {=(F9+N9)/D9} -> 0.25 | S9: {=R9+Q9} -> 0.25 | T9: {=O9/(D9-(F9+N9))} -> 0.66666667 | U9: {=RANK(R9,$R$4:$R$26)} -> 17 | V9: {=RANK(S9,$S$4:$S$26)} -> 17 | W9: {=RANK(C9,$C$4:$C$26)} -> 15 | Y9: 1 | Z9: 0
A10: 김상훈 | B10: 6 | C10: {=F10/E10} -> 0.22222222 | D10: 14 | E10: 9 | F10: 2 | G10: {=F10-(H10+I10+J10)} -> 2 | H10: 0 | I10: 0 | J10: 0 | K10: 4 | L10: 3 | M10: 5 | N10: {=Y10+Z10} -> 5 | O10: 5 | P10: {=O10/D10} -> 0.35714286 | Q10: {=(G10*1+H10*2+I10*3+J10*4)/E10} -> 0.22222222 | R10: {=(F10+N10)/D10} -> 0.5 | S10: {=R10+Q10} -> 0.72222222 | T10: {=O10/(D10-(F10+N10))} -> 0.71428571 | U10: {=RANK(R10,$R$4:$R$26)} -> 9 | V10: {=RANK(S10,$S$4:$S$26)} -> 10 | W10: {=RANK(C10,$C$4:$C$26)} -> 10 | Y10: 5 | Z10: 0 | AB10: 0
A11: 김재영
A12: 김태양 | B12: 4 | C12: {=F12/E12} -> 0.5 | D12: 13 | E12: 10 | F12: 5 | G12: {=F12-(H12+I12+J12)} -> 5 | H12: 0 | I12: 0 | J12: 0 | K12: 4 | L12: 4 | M12: 5 | N12: {=Y12+Z12} -> 3 | O12: 1 | P12: {=O12/D12} -> 0.076923077 | Q12: {=(G12*1+H12*2+I12*3+J12*4)/E12} -> 0.5 | R12: {=(F12+N12)/D12} -> 0.61538462 | S12: {=R12+Q12} -> 1.1153846 | T12: {=O12/(D12-(F12+N12))} -> 0.2 | U12: {=RANK(R12,$R$4:$R$26)} -> 3 | V12: {=RANK(S12,$S$4:$S$26)} -> 4 | W12: {=RANK(C12,$C$4:$C$26)} -> 3 | Y12: 3 | Z12: 0 | AB12: 0
A13: 김현철 | B13: 5 | C13: {=F13/E13} -> 0.38461538 | D13: 16 | E13: 13 | F13: 5 | G13: {=F13-(H13+I13+J13)} -> 5 | H13: 0 | I13: 0 | J13: 0 | K13: 5 | L13: 3 | M13: 1 | N13: {=Y13+Z13} -> 2 | O13: 0 | P13: {=O13/D13} -> 0 | Q13: {=(G13*1+H13*2+I13*3+J13*4)/E13} -> 0.38461538 | R13: {=(F13+N13)/D13} -> 0.4375 | S13: {=R13+Q13} -> 0.82211538 | T13: {=O13/(D13-(F13+N13))} -> 0 | U13: {=RANK(R13,$R$4:$R$26)} -> 12 | V13: {=RANK(S13,$S$4:$S$26)} -> 9 | W13: {=RANK(C13,$C$4:$C$26)} -> 7 | Y13: 2 | Z13: 0 | AB13: 0
A14: 김형준
A15: 남동수 | B15: 4 | C15: {=F15/E15} -> 0 | D15: 9 | E15: 3 | F15: 0 | G15: {=F15-(H15+I15+J15)} -> 0 | H15: 0 | I15: 0 | J15: 0 | K15: 4 | L15: 1 | M15: 2 | N15: {=Y15+Z15} -> 5 | O15: 3 | P15: {=O15/D15} -> 0.33333333 | Q15: {=(G15*1+H15*2+I15*3+J15*4)/E15} -> 0 | R15: {=(F15+N15)/D15} -> 0.55555556 | S15: {=R15+Q15} -> 0.55555556 | T15: {=O15/(D15-(F15+N15))} -> 0.75 | U15: {=RANK(R15,$R$4:$R$26)} -> 7 | V15: {=RANK(S15,$S$4:$S$26)} -> 14 | W15: {=RANK(C15,$C$4:$C$26)} -> 15 | Y15: 4 | Z15: 1 | AB15: 0
A16: 류동현 | B16: 3 | C16: {=F16/E16} -> 0.5 | D16: 7 | E16: 6 | F16: 3 | G16: {=F16-(H16+I16+J16)} -> 3 | H16: 0 | I16: 0 | J16: 0 | K16: 3 | L16: 0 | M16: 2 | N16: {=Y16+Z16} -> 1 | O16: 1 | P16: {=O16/D16} -> 0.14285714 | Q16: {=(G16*1+H16*2+I16*3+J16*4)/E16} -> 0.5 | R16: {=(F16+N16)/D16} -> 0.57142857 | S16: {=R16+Q16} -> 1.0714286 | T16: {=O16/(D16-(F16+N16))} -> 0.33333333 | U16: {=RANK(R16,$R$4:$R$26)} -> 6 | V16: {=RANK(S16,$S$4:$S$26)} -> 5 | W16: {=RANK(C16,$C$4:$C$26)} -> 3 | Y16: 1 | Z16: 0
A17: 박영준 | B17: 4 | C17: {=F17/E17} -> 0.2 | D17: 8 | E17: 5 | F17: 1 | G17: {=F17-(H17+I17+J17)} -> 1 | H17: 0 | I17: 0 | J17: 0 | K17: 3 | L17: 2 | M17: 5 | N17: {=Y17+Z17} -> 2 | O17: 3 | P17: {=O17/D17} -> 0.375 | Q17: {=(G17*1+H17*2+I17*3+J17*4)/E17} -> 0.2 | R17: {=(F17+N17)/D17} -> 0.375 | S17: {=R17+Q17} -> 0.575 | T17: {=O17/(D17-(F17+N17))} -> 0.6 | U17: {=RANK(R17,$R$4:$R$26)} -> 15 | V17: {=RANK(S17,$S$4:$S$26)} -> 13 | W17: {=RANK(C17,$C$4:$C$26)} -> 11 | Y17: 0 | Z17: 2
A18: 박재현 | B18: 2 | C18: {=F18/E18} -> 0.25 | D18: 5 | E18: 4 | F18: 1 | G18: {=F18-(H18+I18+J18)} -> 0 | H18: 1 | I18: 0 | J18: 0 | K18: 3 | L18: 1 | M18: 2 | N18: {=Y18+Z18} -> 1 | O18: 0 | P18: {=O18/D18} -> 0 | Q18: {=(G18*1+H18*2+I18*3+J18*4)/E18} -> 0.5 | R18: {=(F18+N18)/D18} -> 0.4 | S18: {=R18+Q18} -> 0.9 | T18: {=O18/(D18-(F18+N18))} -> 0 | U18: {=RANK(R18,$R$4:$R$26)} -> 14 | V18: {=RANK(S18,$S$4:$S$26)} -> 8 | W18: {=RANK(C18,$C$4:$C$26)} -> 9 | Y18: 1 | Z18: 0 | AB18: 0
A19: 백정철 | B19: 4 | C19: {=F19/E19} -> 0 | D19: 6 | E19: 5 | F19: 0 | G19: {=F19-(H19+I19+J19)} -> 0 | H19: 0 | I19: 0 | J19: 0 | K19: 0 | L19: 0 | M19: 1 | N19: {=Y19+Z19} -> 1 | O19: 2 | P19: {=O19/D19} -> 0.33333333 | Q19: {=(G19*1+H19*2+I19*3+J19*4)/E19} -> 0 | R19: {=(F19+N19)/D19} -> 0.16666667 | S19: {=R19+Q19} -> 0.16666667 | T19: {=O19/(D19-(F19+N19))} -> 0.4 | U19: {=RANK(R19,$R$4:$R$26)} -> 18 | V19: {=RANK(S19,$S$4:$S$26)} -> 18 | W19: {=RANK(C19,$C$4:$C$26)} -> 15 | Y19: 1 | Z19: 0 | AB19: 0
A20: 윤태규 | B20: 3 | C20: {=F20/E20} -> 0.42857143 | D20: 7 | E20: 7 | F20: 3 | G20: {=F20-(H20+I20+J20)} -> 2 | H20: 1 | I20: 0 | J20: 0 | K20: 1 | L20: 5 | M20: 1 | N20: {=Y20+Z20} -> 0 | O20: 1 | P20: {=O20/D20} -> 0.14285714 | Q20: {=(G20*1+H20*2+I20*3+J20*4)/E20} -> 0.57142857 | R20: {=(F20+N20)/D20} -> 0.42857143 | S20: {=R20+Q20} -> 1 | T20: {=O20/(D20-(F20+N20))} -> 0.25 | U20: {=RANK(R20,$R$4:$R$26)} -> 13 | V20: {=RANK(S20,$S$4:$S$26)} -> 7 | W20: {=RANK(C20,$C$4:$C$26)} -> 6 | Y20: 0 | Z20: 0
A21: 이동진 | B21: 3 | C21: {=F21/E21} -> 0.6 | D21: 5 | E21: 5 | F21: 3 | G21: {=F21-(H21+I21+J21)} -> 1 | H21: 1 | I21: 1 | J21: 0 | K21: 3 | L21: 3 | M21: 1 | N21: {=Y21+Z21} -> 0 | O21: 1 | P21: {=O21/D21} -> 0.2 | Q21: {=(G21*1+H21*2+I21*3+J21*4)/E21} -> 1.2 | R21: {=(F21+N21)/D21} -> 0.6 | S21: {=R21+Q21} -> 1.8 | T21: {=O21/(D21-(F21+N21))} -> 0.5 | U21: {=RANK(R21,$R$4:$R$26)} -> 4 | V21: {=RANK(S21,$S$4:$S$26)} -> 1 | W21: {=RANK(C21,$C$4:$C$26)} -> 1 | Y21: 0 | Z21: 0 | AB21: 0
A22: 이철민 | B22: 1 | C22: {=F22/E22} -> 0 | D22: 2 | E22: 1 | F22: 0 | G22: 0 | H22: 0 | I22: 0 | J22: 0 | K22: 0 | L22: 0 | M22: 1 | N22: {=Y22+Z22} -> 1 | O22: 0 | P22: {=O22/D22} -> 0 | Q22: {=(G22*1+H22*2+I22*3+J22*4)/E22} -> 0 | R22: {=(F22+N22)/D22} -> 0.5 | S22: {=R22+Q22} -> 0.5 | T22: {=O22/(D22-(F22+N22))} -> 0 | U22: {=RANK(R22,$R$4:$R$26)} -> 9 | V22: {=RANK(S22,$S$4:$S$26)} -> 15 | W22: {=RANK(C22,$C$4:$C$26)} -> 15 | Y22: 1 | Z22: 0
A23: 임지헌 | B23: 4 | C23: {=F23/E23} -> 0.28571429 | D23: 12 | E23: 7 | F23: 2 | G23: {=F23-(H23+I23+J23)} -> 1 | H23: 1 | I23: 0 | J23: 0 | K23: 2 | L23: 0 | M23: 1 | N23: {=Y23+Z23} -> 5 | O23: 3 | P23: {=O23/D23} -> 0.25 | Q23: {=(G23*1+H23*2+I23*3+J23*4)/E23} -> 0.42857143 | R23: {=(F23+N23)/D23} -> 0.58333333 | S23: {=R23+Q23} -> 1.0119048 | T23: {=O23/(D23-(F23+N23))} -> 0.6 | U23: {=RANK(R23,$R$4:$R$26)} -> 5 | V23: {=RANK(S23,$S$4:$S$26)} -> 6 | W23: {=RANK(C23,$C$4:$C$26)} -> 8 | Y23: 5 | Z23: 0
A24: 조태형 | B24: 7 | C24: {=F24/E24} -> 0.5 | D24: 16 | E24: 12 | F24: 6 | G24: {=F24-(H24+I24+J24)} -> 5 | H24: 1 | I24: 0 | J24: 0 | K24: 6 | L24: 2 | M24: 9 | N24: {=Y24+Z24} -> 4 | O24: 0 | P24: {=O24/D24} -> 0 | Q24: {=(G24*1+H24*2+I24*3+J24*4)/E24} -> 0.58333333 | R24: {=(F24+N24)/D24} -> 0.625 | S24: {=R24+Q24} -> 1.2083333 | T24: {=O24/(D24-(F24+N24))} -> 0 | U24: {=RANK(R24,$R$4:$R$26)} -> 2 | V24: {=RANK(S24,$S$4:$S$26)} -> 3 | W24: {=RANK(C24,$C$4:$C$26)} -> 3 | Y24: 3 | Z24: 1 | AB24: 0
A25: 주혁진
A26: 차현철 | B26: 5 | C26: {=F26/E26} -> 0.11111111 | D26: 13 | E26: 9 | F26: 1 | G26: {=F26-(H26+I26+J26)} -> 1 | H26: 0 | I26: 0 | J26: 0 | K26: 3 | L26: 2 | M26: 5 | N26: {=Y26+Z26} -> 3 | O26: 2 | P26: {=O26/D26} -> 0.15384615 | Q26: {=(G26*1+H26*2+I26*3+J26*4)/E26} -> 0.11111111 | R26: {=(F26+N26)/D26} -> 0.30769231 | S26: {=R26+Q26} -> 0.41880342 | T26: {=O26/(D26-(F26+N26))} -> 0.22222222 | U26: {=RANK(R26,$R$4:$R$26)} -> 16 | V26: {=RANK(S26,$S$4:$S$26)} -> 16 | W26: {=RANK(C26,$C$4:$C$26)} -> 13 | Y26: 3 | Z26: 0 | AB26: 0
A27: 총합 | C27: {=F27/E27} -> 0.31496063 | D27: {=SUM(D4:D26)} -> 181 | E27: {=SUM(E4:E26)} -> 127 | F27: {=SUM(F4:F26)} -> 40 | G27: {=SUM(G4:G26)} -> 33 | H27: {=SUM(H4:H26)} -> 5 | I27: {=SUM(I4:I26)} -> 2 | J27: {=SUM(J4:J26)} -> 0 | K27: {=SUM(K4:K26)} -> 53 | ... O27: {=SUM(O4:O26)} -> 37 | P27: {=O27/D27} -> 0.20441989 | Y27: {=SUM(Y4:Y26)} -> 41 | Z27: {=SUM(Z4:Z26)} -> 9 | AA27: {=SUM(AA4:AA26)} -> 0 | AB27: {=SUM(AB4:AB26)} -> 0 | AC27: {=SUM(AC4:AC26)} -> 0
A29: 2. 투수 기록
A30: 이름 | B30: 게임수 | C30: 승 | D30: 패 | E30: 세 | F30: 타자 | G30: 타수 | H30: 이닝 | I30: 피안타 | J30: 피홈런 | K30: 볼넷 | L30: 사구 | M30: 탈삼진 | N30: 실점 | O30: 자책점 | P30: 방어율 | Q30: 제구 | R30: 피안타율 | S30: 경기당 평균 이닝 | T30: 이닝/K | U30: 수비 성공률 | V30: WHIP | W30: 사사구 /100타자 | Y30: 폭투 | Z30: 보크
A31: 권강현 | B31: 1 | C31: 0 | D31: 0 | E31: 0 | F31: 4 | G31: 2 | H31: 0.3333333 | I31: 1 | J31: 0 | K31: 1 | L31: 1 | M31: 1 | N31: 0 | O31: 0 | P31: {=O31*9/H31} -> 0 | Q31: {=(K31+L31)/H31} -> 6.0000006 | R31: {=I31/H31} -> 3.0000003 | S31: {=H31/B31} -> 0.3333333 | T31: {=M31/H31} -> 3.0000003 | U31: {=O31/N31} | V31: {=(I31+K31+L31)/H31} -> 9.0000009 | W31: {=(L31+K31)/F31*100} -> 50 | Y31: 0 | Z31: 0
A32: 김민석 | P32: {=O32*9/H32} | Q32: {=(K32+L32)/H32} | R32: {=I32/H32} | S32: {=H32/B32} | T32: {=M32/H32} | U32: {=O32/N32} | V32: {=(I32+K32+L32)/H32} | W32: {=(L32+K32)/F32*100}
A33: 김병진 | P33: {=O33*9/H33} | Q33: {=(K33+L33)/H33} | R33: {=I33/H33} | S33: {=H33/B33} | T33: {=M33/H33} | U33: {=O33/N33} | V33: {=(I33+K33+L33)/H33} | W33: {=(L33+K33)/F33*100}
A34: 김형준 | P34: {=O34*9/H34} | Q34: {=(K34+L34)/H34} | R34: {=I34/H34} | S34: {=H34/B34} | T34: {=M34/H34} | U34: {=O34/N34} | V34: {=(I34+K34+L34)/H34} | W34: {=(L34+K34)/F34*100}
A35: 남동수 | P35: {=O35*9/H35} | Q35: {=(K35+L35)/H35} | R35: {=I35/H35} | S35: {=H35/B35} | T35: {=M35/H35} | U35: {=O35/N35} | V35: {=(I35+K35+L35)/H35} | W35: {=(L35+K35)/F35*100}
A36: 류동현 | P36: {=O36*9/H36} | Q36: {=(K36+L36)/H36} | R36: {=I36/H36} | S36: {=H36/B36} | T36: {=M36/H36} | U36: {=O36/N36} | V36: {=(I36+K36+L36)/H36} | W36: {=(L36+K36)/F36*100}
A37: 박영준 | B37: 5 | C37: 0 | D37: 0 | E37: 0 | F37: 46 | G37: 40 | H37: 7.3333333 | I37: 17 | J37: 0 | K37: 5 | L37: 1 | M37: 10 | N37: 18 | O37: 15 | P37: {=O37*9/H37} -> 18.409091 | Q37: {=(K37+L37)/H37} -> 0.81818182 | R37: {=I37/H37} -> 2.3181818 | S37: {=H37/B37} -> 1.4666667 | T37: {=M37/H37} -> 1.3636364 | U37: {=O37/N37} -> 0.83333333 | V37: {=(I37+K37+L37)/H37} -> 3.1363636 | W37: {=(L37+K37)/F37*100} -> 13.043478 | Y37: 0 | Z37: 0
A38: 이동진 | B38: 5 | C38: 0 | D38: 2 | E38: 0 | F38: 58 | G38: 47 | H38: 5.6666667 | I38: 21 | J38: 0 | K38: 2 | L38: 8 | M38: 12 | N38: 31 | O38: 21 | P38: {=O38*9/H38} -> 33.352941 | Q38: {=(K38+L38)/H38} -> 1.7647059 | R38: {=I38/H38} -> 3.7058824 | S38: {=H38/B38} -> 1.1333333 | T38: {=M38/H38} -> 2.1176471 | U38: {=O38/N38} -> 0.67741935 | V38: {=(I38+K38+L38)/H38} -> 5.4705882 | W38: {=(L38+K38)/F38*100} -> 17.241379 | Y38: 2 | Z38: 0
A39: 이철민 | B39: 1 | C39: 0 | D39: 0 | E39: 0 | F39: 5 | G39: 1 | H39: 0.33333333 | I39: 0 | J39: 0 | K39: 3 | L39: 1 | M39: 0 | N39: 4 | O39: 1 | P39: {=O39*9/H39} -> 27 | Q39: {=(K39+L39)/H39} -> 12 | R39: {=I39/H39} -> 0 | S39: {=H39/B39} -> 0.33333333 | T39: {=M39/H39} -> 0 | U39: {=O39/N39} -> 0.25 | V39: {=(I39+K39+L39)/H39} -> 12 | W39: {=(L39+K39)/F39*100} -> 80
A40: 임지헌 | P40: {=O40*9/H40} | Q40: {=(K40+L40)/H40} | R40: {=I40/H40} | S40: {=H40/B40} | T40: {=M40/H40} | U40: {=O40/N40} | V40: {=(I40+K40+L40)/H40} | W40: {=(L40+K40)/F40*100}
A41: 조태형 | B41: 6 | C41: 1 | D41: 4 | E41: 0 | F41: 106 | G41: 71 | H41: 12 | I41: 24 | J41: 0 | K41: 31 | L41: 3 | M41: 18 | N41: 53 | O41: 30 | P41: {=O41*9/H41} -> 22.5 | Q41: {=(K41+L41)/H41} -> 2.8333333 | R41: {=I41/H41} -> 2 | S41: {=H41/B41} -> 2 | T41: {=M41/H41} -> 1.5 | U41: {=O41/N41} -> 0.56603774 | V41: {=(I41+K41+L41)/H41} -> 4.8333333 | W41: {=(L41+K41)/F41*100} -> 32.075472 | Y41: 3 | Z41: 0
A42: 총합 | C42: {=SUM(C31:C41)} -> 1 | D42: {=SUM(D31:D41)} -> 6 | E42: {=SUM(E31:E41)} -> 0 | F42: {=SUM(F31:F41)} -> 219 | G42: {=SUM(G31:G41)} -> 161 | H42: {=SUM(H31:H41)} -> 25.666667 | I42: {=SUM(I31:I41)} -> 63 | J42: {=SUM(J31:J41)} -> 0 | ... O42: {=SUM(O31:O41)} -> 67 | P42: {=O42*9/H42} -> 23.493507 | Q42: {=(K42+L42)/H42} -> 2.1818182 | R42: {=I42/H42} -> 2.4545455 | S42: {=H42/B42} | T42: {=M42/H42} -> 1.5974026 | U42: {=O42/N42} -> 0.63207547 | V42: {=(I42+K42+L42)/H42} -> 4.6363636 | Y42: {=SUM(Y31:Y41)} -> 5 | Z42: {=SUM(Z31:Z41)} -> 0

Sheet 25 上코모도(6-BB)('25)
A1: ◎ 25년 상반기 코모도리그 6부-BB ('25)
A2: 1. 타자 기록
A3: 선수명 | B3: 경기 | C3: 타율 | D3: 타석 | E3: 타수 | F3: 안타 | G3: 1루타 | H3: 2루타 | I3: 3루타 | J3: 홈런 | K3: 득점 | L3: 타점 | M3: 도루 | N3: 사사구 | O3: 삼진 | P3: 삼진률 | Q3: 장타율 | R3: 출루율 | S3: OPS | T3: 아웃 比 삼진률 | U3: 출루율 등수 | V3: OPS 등수 | W3: 타율 등수 | Y3: 4구 | Z3: 사구 | AA3: 타격방해 | AB3: 주루사 | AC3: Fine Play
A4: 권강현 | B4: 4 | C4: {=F4/E4} -> 0.33333333 | D4: 6 | E4: 6 | F4: 2 | G4: {=F4-(H4+I4+J4)} -> 1 | H4: 1 | I4: 0 | J4: 0 | K4: 1 | L4: 1 | M4: 1 | N4: {=Y4+Z4} -> 0 | O4: 1 | P4: {=O4/D4} -> 0.16666667 | Q4: {=(G4*1+H4*2+I4*3+J4*4)/E4} -> 0.5 | R4: {=(F4+N4)/(D4-AA4)} -> 0.33333333 | S4: {=R4+Q4} -> 0.83333333 | T4: {=O4/(D4-(F4+N4))} -> 0.25 | U4: {=RANK(R4,$R$4:$R$26)} -> 15 | V4: {=RANK(S4,$S$4:$S$26)} -> 15 | W4: {=RANK(C4,$C$4:$C$26)} -> 13 | Y4: 0 | Z4: 0
A5: 권혁진 | B5: 2 | D5: 0 | E5: 0 | F5: 0 | G5: 0 | H5: 0 | I5: 0 | J5: 0 | K5: 0 | L5: 0 | M5: 0 | N5: 0 | O5: 0
A6: 김기태 | B6: 10 | C6: {=F6/E6} -> 0.44444444 | D6: 34 | E6: 27 | F6: 12 | G6: {=F6-(H6+I6+J6)} -> 4 | H6: 5 | I6: 2 | J6: 1 | K6: 15 | L6: 14 | M6: 8 | N6: {=Y6+Z6} -> 5 | O6: 3 | P6: {=O6/D6} -> 0.088235294 | Q6: {=(G6*1+H6*2+I6*3+J6*4)/E6} -> 0.88888889 | R6: {=(F6+N6)/(D6-AA6)} -> 0.5 | S6: {=R6+Q6} -> 1.3888889 | T6: {=O6/(D6-(F6+N6))} -> 0.17647059 | U6: {=RANK(R6,$R$4:$R$26)} -> 9 | V6: {=RANK(S6,$S$4:$S$26)} -> 5 | W6: {=RANK(C6,$C$4:$C$26)} -> 7 | Y6: 2 | Z6: 3
A7: 김민석 | G7: {=F7-(H7+I7+J7)} -> 0 | N7: {=Y7+Z7} -> 0
A8: 김범희 | B8: 9 | C8: {=F8/E8} -> 0.61538462 | D8: 21 | E8: 13 | F8: 8 | G8: 8 | H8: 1 | I8: 1 | J8: 0 | K8: 11 | L8: 7 | M8: 10 | N8: {=Y8+Z8} -> 7 | O8: 2 | P8: {=O8/D8} -> 0.095238095 | Q8: {=(G8*1+H8*2+I8*3+J8*4)/E8} -> 1 | R8: {=(F8+N8)/(D8-AA8)} -> 0.75 | S8: {=R8+Q8} -> 1.75 | T8: {=O8/(D8-(F8+N8))} -> 0.33333333 | U8: {=RANK(R8,$R$4:$R$26)} -> 2 | V8: {=RANK(S8,$S$4:$S$26)} -> 3 | W8: {=RANK(C8,$C$4:$C$26)} -> 3 | Y8: 4 | Z8: 3 | AA8: 1
A9: 김병진 | B9: 2 | C9: {=F9/E9} -> 1 | D9: 1 | E9: 1 | F9: 1 | G9: {=F9-(H9+I9+J9)} -> 1 | H9: 0 | I9: 0 | J9: 0 | K9: 0 | L9: 0 | M9: 0 | N9: 0 | O9: 0 | P9: {=O9/D9} -> 0 | Q9: {=(G9*1+H9*2+I9*3+J9*4)/E9} -> 1 | R9: {=(F9+N9)/(D9-AA9)} -> 1 | S9: {=R9+Q9} -> 2 | T9: {=O9/(D9-(F9+N9))} | U9: {=RANK(R9,$R$4:$R$26)} -> 1 | V9: {=RANK(S9,$S$4:$S$26)} -> 1 | W9: {=RANK(C9,$C$4:$C$26)} -> 1
A10: 김상훈 | B10: 2 | C10: {=F10/E10} -> 0.5 | D10: 2 | E10: 2 | F10: 1 | G10: {=F10-(H10+I10+J10)} -> 1 | H10: 0 | I10: 0 | J10: 0 | K10: 0 | L10: 1 | M10: 1 | N10: {=Y10+Z10} -> 0 | O10: 0 | P10: {=O10/D10} -> 0 | Q10: {=(G10*1+H10*2+I10*3+J10*4)/E10} -> 0.5 | R10: {=(F10+N10)/(D10-AA10)} -> 0.5 | S10: {=R10+Q10} -> 1 | T10: {=O10/(D10-(F10+N10))} -> 0 | U10: {=RANK(R10,$R$4:$R$26)} -> 9 | V10: {=RANK(S10,$S$4:$S$26)} -> 9 | W10: {=RANK(C10,$C$4:$C$26)} -> 6
A11: 김재영 | B11: 9 | C11: {=F11/E11} -> 0.66666667 | D11: 31 | E11: 24 | F11: 16 | G11: {=F11-(H11+I11+J11)} -> 10 | H11: 3 | I11: 1 | J11: 2 | K11: 20 | L11: 15 | M11: 15 | N11: {=Y11+Z11} -> 5 | O11: 2 | P11: {=O11/D11} -> 0.064516129 | Q11: {=(G11*1+H11*2+I11*3+J11*4)/E11} -> 1.125 | R11: {=(F11+N11)/(D11-AA11)} -> 0.67741935 | S11: {=R11+Q11} -> 1.8024194 | T11: {=O11/(D11-(F11+N11))} -> 0.2 | U11: {=RANK(R11,$R$4:$R$26)} -> 4 | V11: {=RANK(S11,$S$4:$S$26)} -> 2 | W11: {=RANK(C11,$C$4:$C$26)} -> 2 | Y11: 4 | Z11: 1
A12: 김태양 | B12: 7 | C12: {=F12/E12} -> 0.375 | D12: 21 | E12: 16 | F12: 6 | G12: {=F12-(H12+I12+J12)} -> 6 | H12: 0 | I12: 0 | J12: 0 | K12: 10 | L12: 3 | M12: 1 | N12: {=Y12+Z12} -> 5 | O12: 3 | P12: {=O12/D12} -> 0.14285714 | Q12: {=(G12*1+H12*2+I12*3+J12*4)/E12} -> 0.375 | R12: {=(F12+N12)/(D12-AA12)} -> 0.52380952 | S12: {=R12+Q12} -> 0.89880952 | T12: {=O12/(D12-(F12+N12))} -> 0.3 | U12: {=RANK(R12,$R$4:$R$26)} -> 8 | V12: {=RANK(S12,$S$4:$S$26)} -> 13 | W12: {=RANK(C12,$C$4:$C$26)} -> 11 | Y12: 5 | Z12: 0
A13: 김현철 | B13: 4 | C13: {=F13/E13} -> 0.28571429 | D13: 7 | E13: 7 | F13: 2 | G13: {=F13-(H13+I13+J13)} -> 2 | H13: 0 | I13: 0 | J13: 0 | K13: 3 | L13: 2 | M13: 1 | N13: {=Y13+Z13} -> 0 | O13: 0 | P13: {=O13/D13} -> 0 | Q13: {=(G13*1+H13*2+I13*3+J13*4)/E13} -> 0.28571429 | R13: {=(F13+N13)/(D13-AA13)} -> 0.28571429 | S13: {=R13+Q13} -> 0.57142857 | T13: {=O13/(D13-(F13+N13))} -> 0 | U13: {=RANK(R13,$R$4:$R$26)} -> 18 | V13: {=RANK(S13,$S$4:$S$26)} -> 17 | W13: {=RANK(C13,$C$4:$C$26)} -> 17 | Y13: 0 | Z13: 0
A14: 김형준 | B14: 7 | C14: {=F14/E14} -> 0.38888889 | D14: 19 | E14: 18 | F14: 7 | G14: {=F14-(H14+I14+J14)} -> 3 | H14: 4 | I14: 0 | J14: 0 | K14: 7 | L14: 7 | M14: 3 | N14: {=Y14+Z14} -> 1 | O14: 2 | P14: {=O14/D14} -> 0.10526316 | Q14: {=(G14*1+H14*2+I14*3+J14*4)/E14} -> 0.61111111 | R14: {=(F14+N14)/(D14-AA14)} -> 0.42105263 | S14: {=R14+Q14} -> 1.0321637 | T14: {=O14/(D14-(F14+N14))} -> 0.18181818 | U14: {=RANK(R14,$R$4:$R$26)} -> 12 | V14: {=RANK(S14,$S$4:$S$26)} -> 8 | W14: {=RANK(C14,$C$4:$C$26)} -> 10 | Y14: 1 | Z14: 0 | AB14: 1
A15: 남동수 | B15: 7 | C15: {=F15/E15} -> 0.57142857 | D15: 8 | E15: 7 | F15: 4 | G15: {=F15-(H15+I15+J15)} -> 4 | H15: 0 | I15: 0 | J15: 0 | K15: 4 | L15: 3 | M15: 5 | N15: {=Y15+Z15} -> 1 | O15: 0 | P15: {=O15/D15} -> 0 | Q15: {=(G15*1+H15*2+I15*3+J15*4)/E15} -> 0.57142857 | R15: {=(F15+N15)/(D15-AA15)} -> 0.625 | S15: {=R15+Q15} -> 1.1964286 | T15: {=O15/(D15-(F15+N15))} -> 0 | U15: {=RANK(R15,$R$4:$R$26)} -> 6 | V15: {=RANK(S15,$S$4:$S$26)} -> 7 | W15: {=RANK(C15,$C$4:$C$26)} -> 5 | Y15: 1 | Z15: 0
A16: 류동현 | G16: {=F16-(H16+I16+J16)} -> 0 | N16: {=Y16+Z16} -> 0
A17: 박영준 | B17: 6 | C17: {=F17/E17} -> 0.6 | D17: 13 | E17: 10 | F17: 6 | G17: {=F17-(H17+I17+J17)} -> 4 | H17: 2 | I17: 0 | J17: 0 | K17: 6 | L17: 3 | M17: 7 | N17: {=Y17+Z17} -> 3 | O17: 3 | P17: {=O17/D17} -> 0.23076923 | Q17: {=(G17*1+H17*2+I17*3+J17*4)/E17} -> 0.8 | R17: {=(F17+N17)/(D17-AA17)} -> 0.69230769 | S17: {=R17+Q17} -> 1.4923077 | T17: {=O17/(D17-(F17+N17))} -> 0.75 | U17: {=RANK(R17,$R$4:$R$26)} -> 3 | V17: {=RANK(S17,$S$4:$S$26)} -> 4 | W17: {=RANK(C17,$C$4:$C$26)} -> 4 | Y17: 2 | Z17: 1 | AB17: 2
A18: 박재현 | B18: 6 | C18: {=F18/E18} -> 0.42857143 | D18: 11 | E18: 7 | F18: 3 | G18: {=F18-(H18+I18+J18)} -> 2 | H18: 1 | I18: 0 | J18: 0 | K18: 4 | L18: 2 | M18: 1 | N18: {=Y18+Z18} -> 4 | O18: 0 | P18: {=O18/D18} -> 0 | Q18: {=(G18*1+H18*2+I18*3+J18*4)/E18} -> 0.57142857 | R18: {=(F18+N18)/(D18-AA18)} -> 0.63636364 | S18: {=R18+Q18} -> 1.2077922 | U18: {=RANK(R18,$R$4:$R$26)} -> 5 | V18: {=RANK(S18,$S$4:$S$26)} -> 6 | W18: {=RANK(C18,$C$4:$C$26)} -> 8 | Y18: 3 | Z18: 1
A19: 백정철 | B19: 6 | C19: {=F19/E19} -> 0.30769231 | D19: 15 | E19: 13 | F19: 4 | G19: {=F19-(H19+I19+J19)} -> 4 | H19: 0 | I19: 0 | J19: 0 | K19: 2 | L19: 4 | M19: 0 | N19: {=Y19+Z19} -> 1 | O19: 1 | P19: {=O19/D19} -> 0.066666667 | Q19: {=(G19*1+H19*2+I19*3+J19*4)/E19} -> 0.30769231 | R19: {=(F19+N19)/(D19-AA19)} -> 0.33333333 | S19: {=R19+Q19} -> 0.64102564 | T19: {=O19/(D19-(F19+N19))} -> 0.1 | U19: {=RANK(R19,$R$4:$R$26)} -> 15 | V19: {=RANK(S19,$S$4:$S$26)} -> 16 | Y19: 0 | Z19: 1
A20: 윤태규 | B20: 4 | C20: {=F20/E20} -> 0.4 | D20: 13 | E20: 10 | F20: 4 | G20: {=F20-(H20+I20+J20)} -> 4 | H20: 0 | I20: 0 | J20: 0 | K20: 4 | L20: 4 | M20: 2 | N20: {=Y20+Z20} -> 3 | O20: 0 | P20: {=O20/D20} -> 0 | Q20: {=(G20*1+H20*2+I20*3+J20*4)/E20} -> 0.4 | R20: {=(F20+N20)/(D20-AA20)} -> 0.53846154 | S20: {=R20+Q20} -> 0.93846154 | T20: {=O20/(D20-(F20+N20))} -> 0 | U20: {=RANK(R20,$R$4:$R$26)} -> 7 | V20: {=RANK(S20,$S$4:$S$26)} -> 11 | W20: {=RANK(C20,$C$4:$C$26)} -> 9 | Y20: 1 | Z20: 2
A21: 이동진 | B21: 2 | C21: {=F21/E21} -> 0 | D21: 3 | E21: 2 | F21: 0 | G21: {=F21-(H21+I21+J21)} -> 0 | H21: 0 | I21: 0 | J21: 0 | K21: 0 | L21: 0 | M21: 0 | N21: {=Y21+Z21} -> 1 | O21: 1 | P21: {=O21/D21} -> 0.33333333 | Q21: {=(G21*1+H21*2+I21*3+J21*4)/E21} -> 0 | R21: {=(F21+N21)/(D21-AA21)} -> 0.33333333 | S21: {=R21+Q21} -> 0.33333333 | T21: {=O21/(D21-(F21+N21))} -> 0.5 | U21: {=RANK(R21,$R$4:$R$26)} -> 15 | V21: {=RANK(S21,$S$4:$S$26)} -> 18 | W21: {=RANK(C21,$C$4:$C$26)} -> 18 | Y21: 1 | Z21: 0
A22: 이철민 | B22: 1 | C22: {=F22/E22} -> 0 | D22: 2 | E22: 2 | F22: 0 | G22: {=F22-(H22+I22+J22)} -> 0 | H22: 0 | I22: 0 | J22: 0 | K22: 0 | L22: 0 | M22: 1 | N22: {=Y22+Z22} -> 0 | O22: 0 | P22: {=O22/D22} -> 0 | Q22: {=(G22*1+H22*2+I22*3+J22*4)/E22} -> 0 | R22: {=(F22+N22)/(D22-AA22)} -> 0 | S22: {=R22+Q22} -> 0 | T22: {=O22/(D22-(F22+N22))} -> 0 | U22: {=RANK(R22,$R$4:$R$26)} -> 19 | V22: {=RANK(S22,$S$4:$S$26)} -> 19 | W22: {=RANK(C22,$C$4:$C$26)} -> 18
A23: 임지헌 | B23: 2 | C23: {=F23/E23} -> 0 | D23: 3 | E23: 3 | F23: 0 | G23: {=F23-(H23+I23+J23)} -> 0 | H23: 0 | I23: 0 | J23: 0 | K23: 0 | L23: 0 | M23: 0 | N23: {=Y23+Z23} -> 0 | O23: 1 | P23: {=O23/D23} -> 0.33333333 | Q23: {=(G23*1+H23*2+I23*3+J23*4)/E23} -> 0 | R23: {=(F23+N23)/(D23-AA23)} -> 0 | S23: {=R23+Q23} -> 0 | T23: {=O23/(D23-(F23+N23))} -> 0.33333333 | U23: {=RANK(R23,$R$4:$R$26)} -> 19 | V23: {=RANK(S23,$S$4:$S$26)} -> 19 | W23: {=RANK(C23,$C$4:$C$26)} -> 18 | Y23: 0 | Z23: 0
A24: 조태형 | B24: 8 | C24: {=F24/E24} -> 0.3 | D24: 23 | E24: 20 | F24: 6 | G24: {=F24-(H24+I24+J24)} -> 3 | H24: 3 | I24: 0 | J24: 0 | K24: 6 | L24: 8 | M24: 4 | N24: {=Y24+Z24} -> 3 | O24: 2 | P24: {=O24/D24} -> 0.086956522 | Q24: {=(G24*1+H24*2+I24*3+J24*4)/E24} -> 0.45 | R24: {=(F24+N24)/(D24-AA24)} -> 0.39130435 | S24: {=R24+Q24} -> 0.84130435 | T24: {=O24/(D24-(F24+N24))} -> 0.14285714 | U24: {=RANK(R24,$R$4:$R$26)} -> 13 | V24: {=RANK(S24,$S$4:$S$26)} -> 14 | W24: {=RANK(C24,$C$4:$C$26)} -> 15 | Y24: 3 | Z24: 0
A25: 주혁진 | B25: 8 | C25: {=F25/E25} -> 0.3 | D25: 25 | E25: 20 | F25: 6 | G25: {=F25-(H25+I25+J25)} -> 3 | H25: 1 | I25: 1 | J25: 1 | K25: 7 | L25: 10 | M25: 5 | N25: {=Y25+Z25} -> 3 | O25: 3 | P25: {=O25/D25} -> 0.12 | Q25: {=(G25*1+H25*2+I25*3+J25*4)/E25} -> 0.6 | R25: {=(F25+N25)/(D25-AA25)} -> 0.36 | S25: {=R25+Q25} -> 0.96 | T25: {=O25/(D25-(F25+N25))} -> 0.1875 | U25: {=RANK(R25,$R$4:$R$26)} -> 14 | V25: {=RANK(S25,$S$4:$S$26)} -> 10 | W25: {=RANK(C25,$C$4:$C$26)} -> 15 | Y25: 3 | Z25: 0
A26: 차현철 | B26: 5 | C26: {=F26/E26} -> 0.36363636 | D26: 13 | E26: 11 | F26: 4 | G26: {=F26-(H26+I26+J26)} -> 3 | H26: 1 | I26: 0 | J26: 0 | K26: 6 | L26: 3 | M26: 3 | N26: {=Y26+Z26} -> 2 | O26: 4 | P26: {=O26/D26} -> 0.30769231 | Q26: {=(G26*1+H26*2+I26*3+J26*4)/E26} -> 0.45454545 | R26: {=(F26+N26)/(D26-AA26)} -> 0.46153846 | S26: {=R26+Q26} -> 0.91608392 | T26: {=O26/(D26-(F26+N26))} -> 0.57142857 | U26: {=RANK(R26,$R$4:$R$26)} -> 11 | V26: {=RANK(S26,$S$4:$S$26)} -> 12 | W26: {=RANK(C26,$C$4:$C$26)} -> 12 | Y26: 2 | Z26: 0 | AC26: 1
A27: 총합 | C27: {=F27/E27} -> 0.42009132 | D27: {=SUM(D4:D26)} -> 271 | E27: {=SUM(E4:E26)} -> 219 | F27: {=SUM(F4:F26)} -> 92 | G27: {=SUM(G4:G26)} -> 63 | H27: {=SUM(H4:H26)} -> 22 | I27: {=SUM(I4:I26)} -> 5 | J27: {=SUM(J4:J26)} -> 4 | K27: {=SUM(K4:K26)} -> 106 | ... O27: {=SUM(O4:O26)} -> 28 | P27: {=O27/D27} -> 0.10332103 | Y27: {=SUM(Y4:Y26)} -> 32 | Z27: {=SUM(Z4:Z26)} -> 12 | AA27: {=SUM(AA4:AA26)} -> 1 | AB27: {=SUM(AB4:AB26)} -> 3 | AC27: {=SUM(AC4:AC26)} -> 1
A29: 2. 투수 기록
A30: 이름 | B30: 게임수 | C30: 승 | D30: 패 | E30: 세 | F30: 타자 | G30: 타수 | H30: 이닝 | I30: 피안타 | J30: 피홈런 | K30: 볼넷 | L30: 사구 | M30: 탈삼진 | N30: 실점 | O30: 자책점 | P30: 방어율 | Q30: 제구 | R30: 피안타율 | S30: 경기당 평균 이닝 | T30: 이닝/K | U30: 수비 성공률 | V30: WHIP | W30: 사사구 /100타자 | Y30: 폭투 | Z30: 보크
A31: 권강현 | P31: {=O31*9/H31} | Q31: {=(K31+L31)/H31} | R31: {=I31/H31} | S31: {=H31/B31} | T31: {=M31/H31} | U31: {=O31/N31} | V31: {=(I31+K31+L31)/H31} | W31: {=(L31+K31)/F31*100}
A32: 김민석 | P32: {=O32*9/H32} | Q32: {=(K32+L32)/H32} | R32: {=I32/H32} | S32: {=H32/B32} | T32: {=M32/H32} | U32: {=O32/N32} | V32: {=(I32+K32+L32)/H32} | W32: {=(L32+K32)/F32*100}
A33: 김병진 | B33: 6 | C33: 1 | D33: 0 | E33: 0 | F33: 83 | G33: 59 | H33: 10 | I33: 27 | J33: 1 | K33: 17 | L33: 7 | M33: 10 | N33: 34 | O33: 28 | P33: {=O33*9/H33} -> 25.2 | Q33: {=(K33+L33)/H33} -> 2.4 | R33: {=I33/H33} -> 2.7 | S33: {=H33/B33} -> 1.6666667 | T33: {=M33/H33} -> 1 | U33: {=O33/N33} -> 0.82352941 | V33: {=(I33+K33+L33)/H33} -> 5.1 | W33: {=(L33+K33)/F33*100} -> 28.915663 | Y33: 1
A34: 김형준 | B34: 6 | C34: 4 | D34: 1 | E34: 0 | F34: 82 | G34: 74 | H34: 20 | I34: 14 | J34: 0 | K34: 7 | L34: 1 | M34: 26 | N34: 9 | O34: 1 | P34: {=O34*9/H34} -> 0.45 | Q34: {=(K34+L34)/H34} -> 0.4 | R34: {=I34/H34} -> 0.7 | S34: {=H34/B34} -> 3.3333333 | T34: {=M34/H34} -> 1.3 | U34: {=O34/N34} -> 0.11111111 | V34: {=(I34+K34+L34)/H34} -> 1.1 | W34: {=(L34+K34)/F34*100} -> 9.7560976
A35: 남동수 | P35: {=O35*9/H35} | Q35: {=(K35+L35)/H35} | R35: {=I35/H35} | S35: {=H35/B35} | T35: {=M35/H35} | U35: {=O35/N35} | V35: {=(I35+K35+L35)/H35} | W35: {=(L35+K35)/F35*100}
A36: 류동현 | B36: 2 | C36: 0 | D36: 0 | E36: 0 | F36: 12 | G36: 5 | H36: 0.6666666 | I36: 3 | J36: 1 | K36: 5 | L36: 2 | M36: 1 | N36: 8 | O36: 5 | P36: {=O36*9/H36} -> 67.500007 | Q36: {=(K36+L36)/H36} -> 10.500001 | R36: {=I36/H36} -> 4.5000005 | S36: {=H36/B36} -> 0.3333333 | T36: {=M36/H36} -> 1.5000002 | U36: {=O36/N36} -> 0.625 | V36: {=(I36+K36+L36)/H36} -> 15.000002 | W36: {=(L36+K36)/F36*100} -> 58.333333
A37: 박영준 | B37: 2 | C37: 0 | D37: 0 | E37: 0 | F37: 14 | G37: 9 | H37: 2 | I37: 3 | J37: 0 | K37: 4 | L37: 1 | M37: 0 | N37: 4 | O37: 4 | P37: {=O37*9/H37} -> 18 | Q37: {=(K37+L37)/H37} -> 2.5 | R37: {=I37/H37} -> 1.5 | S37: {=H37/B37} -> 1 | T37: {=M37/H37} -> 0 | U37: {=O37/N37} -> 1 | V37: {=(I37+K37+L37)/H37} -> 4 | W37: {=(L37+K37)/F37*100} -> 35.714286
A38: 이동진 | B38: 2 | C38: 1 | D38: 0 | E38: 0 | F38: 10 | G38: 6 | H38: 1.666666 | I38: 1 | J38: 0 | K38: 3 | L38: 1 | M38: 1 | N38: 3 | O38: 3 | P38: {=O38*9/H38} -> 16.200006 | Q38: {=(K38+L38)/H38} -> 2.400001 | R38: {=I38/H38} -> 0.60000024 | S38: {=H38/B38} -> 0.833333 | T38: {=M38/H38} -> 0.60000024 | U38: {=O38/N38} -> 1 | V38: {=(I38+K38+L38)/H38} -> 3.0000012 | W38: {=(L38+K38)/F38*100} -> 40
A39: 이철민 | P39: {=O39*9/H39} | Q39: {=(K39+L39)/H39} | R39: {=I39/H39} | S39: {=H39/B39} | T39: {=M39/H39} | U39: {=O39/N39} | V39: {=(I39+K39+L39)/H39} | W39: {=(L39+K39)/F39*100}
A40: 임지헌 | P40: {=O40*9/H40} | Q40: {=(K40+L40)/H40} | R40: {=I40/H40} | S40: {=H40/B40} | T40: {=M40/H40} | U40: {=O40/N40} | V40: {=(I40+K40+L40)/H40} | W40: {=(L40+K40)/F40*100}
A41: 조태형 | B41: 6 | C41: 1 | D41: 2 | E41: 0 | F41: 64 | G41: 48 | H41: 9.6666667 | I41: 16 | J41: 1 | K41: 11 | L41: 4 | M41: 11 | N41: 22 | O41: 15 | P41: {=O41*9/H41} -> 13.965517 | Q41: {=(K41+L41)/H41} -> 1.5517241 | R41: {=I41/H41} -> 1.6551724 | S41: {=H41/B41} -> 1.6111111 | T41: {=M41/H41} -> 1.137931 | U41: {=O41/N41} -> 0.68181818 | V41: {=(I41+K41+L41)/H41} -> 3.2068966 | W41: {=(L41+K41)/F41*100} -> 23.4375 | Y41: 4
A42: 총합 | C42: {=SUM(C31:C41)} -> 7 | D42: {=SUM(D31:D41)} -> 3 | E42: {=SUM(E31:E41)} -> 0 | F42: {=SUM(F31:F41)} -> 265 | G42: {=SUM(G31:G41)} -> 201 | H42: {=SUM(H31:H41)} -> 43.999999 | I42: {=SUM(I31:I41)} -> 64 | J42: {=SUM(J31:J41)} -> 3 | ... O42: {=SUM(O31:O41)} -> 56 | P42: {=O42*9/H42} -> 11.454546 | Q42: {=(K42+L42)/H42} -> 1.4318182 | R42: {=I42/H42} -> 1.4545455 | S42: {=H42/B42} | T42: {=M42/H42} -> 1.1136364 | U42: {=O42/N42} -> 0.7 | V42: {=(I42+K42+L42)/H42} -> 2.8863637 | Y42: {=SUM(Y31:Y41)} -> 5 | Z42: {=SUM(Z31:Z41)} -> 0

Sheet 25 下디비전('26)
A1: ◎ 25년 하반기 디비전리그 ('26)
A2: 1. 타자 기록
A3: 선수명 | B3: 경기 | C3: 타율 | D3: 타석 | E3: 타수 | F3: 안타 | G3: 1루타 | H3: 2루타 | I3: 3루타 | J3: 홈런 | K3: 득점 | L3: 타점 | M3: 도루 | N3: 사사구 | O3: 삼진 | P3: 삼진률 | Q3: 장타율 | R3: 출루율 | S3: OPS | T3: 아웃 比 삼진률 | U3: 출루율 등수 | V3: OPS 등수 | W3: 타율 등수 | Y3: 4구 | Z3: 사구 | AA3: 타격방해 | AB3: 주루사 | AC3: Fine Play
A4: 권강현 | P4: {=O4/D4} | Q4: {=(G4*1+H4*2+I4*3+J4*4)/E4} | R4: {=(F4+N4)/(D4-AA4)} | S4: {=R4+Q4} | T4: {=O4/(D4-(F4+N4))} | U4: {=RANK(R4,$R$4:$R$26)} | V4: {=RANK(S4,$S$4:$S$26)} | W4: {=RANK(C4,$C$4:$C$26)} | Y4: 0 | Z4: 0
A5: 권혁진
A6: 김기태 | P6: {=O6/D6} | Q6: {=(G6*1+H6*2+I6*3+J6*4)/E6} | R6: {=(F6+N6)/(D6-AA6)} | S6: {=R6+Q6} | T6: {=O6/(D6-(F6+N6))} | U6: {=RANK(R6,$R$4:$R$26)} | V6: {=RANK(S6,$S$4:$S$26)} | W6: {=RANK(C6,$C$4:$C$26)} | Y6: 2 | Z6: 3
A7: 김민석
A8: 김범희 | P8: {=O8/D8} | Q8: {=(G8*1+H8*2+I8*3+J8*4)/E8} | R8: {=(F8+N8)/(D8-AA8)} -> 0 | S8: {=R8+Q8} | T8: {=O8/(D8-(F8+N8))} | U8: {=RANK(R8,$R$4:$R$26)} -> 2 | V8: {=RANK(S8,$S$4:$S$26)} | W8: {=RANK(C8,$C$4:$C$26)} | Y8: 4 | Z8: 3 | AA8: 1
A9: 김병진 | P9: {=O9/D9} | Q9: {=(G9*1+H9*2+I9*3+J9*4)/E9} | R9: {=(F9+N9)/(D9-AA9)} | S9: {=R9+Q9} | T9: {=O9/(D9-(F9+N9))} | U9: {=RANK(R9,$R$4:$R$26)} | V9: {=RANK(S9,$S$4:$S$26)} | W9: {=RANK(C9,$C$4:$C$26)}
A10: 김상훈 | P10: {=O10/D10} | Q10: {=(G10*1+H10*2+I10*3+J10*4)/E10} | R10: {=(F10+N10)/(D10-AA10)} | S10: {=R10+Q10} | T10: {=O10/(D10-(F10+N10))} | U10: {=RANK(R10,$R$4:$R$26)} | V10: {=RANK(S10,$S$4:$S$26)} | W10: {=RANK(C10,$C$4:$C$26)}
A11: 김재영 | P11: {=O11/D11} | Q11: {=(G11*1+H11*2+I11*3+J11*4)/E11} | R11: {=(F11+N11)/(D11-AA11)} | S11: {=R11+Q11} | T11: {=O11/(D11-(F11+N11))} | U11: {=RANK(R11,$R$4:$R$26)} | V11: {=RANK(S11,$S$4:$S$26)} | W11: {=RANK(C11,$C$4:$C$26)} | Y11: 3 | Z11: 0
A12: 김태양 | P12: {=O12/D12} | Q12: {=(G12*1+H12*2+I12*3+J12*4)/E12} | R12: {=(F12+N12)/(D12-AA12)} | S12: {=R12+Q12} | T12: {=O12/(D12-(F12+N12))} | U12: {=RANK(R12,$R$4:$R$26)} | V12: {=RANK(S12,$S$4:$S$26)} | W12: {=RANK(C12,$C$4:$C$26)} | Y12: 5 | Z12: 0
A13: 김현철 | P13: {=O13/D13} | Q13: {=(G13*1+H13*2+I13*3+J13*4)/E13} | R13: {=(F13+N13)/(D13-AA13)} | S13: {=R13+Q13} | T13: {=O13/(D13-(F13+N13))} | U13: {=RANK(R13,$R$4:$R$26)} | V13: {=RANK(S13,$S$4:$S$26)} | W13: {=RANK(C13,$C$4:$C$26)} | Y13: 0 | Z13: 0
A14: 김형준 | P14: {=O14/D14} | Q14: {=(G14*1+H14*2+I14*3+J14*4)/E14} | R14: {=(F14+N14)/(D14-AA14)} | S14: {=R14+Q14} | T14: {=O14/(D14-(F14+N14))} | U14: {=RANK(R14,$R$4:$R$26)} | V14: {=RANK(S14,$S$4:$S$26)} | W14: {=RANK(C14,$C$4:$C$26)} | Y14: 1 | Z14: 0 | AB14: 1
A15: 남동수 | P15: {=O15/D15} | Q15: {=(G15*1+H15*2+I15*3+J15*4)/E15} | R15: {=(F15+N15)/(D15-AA15)} | S15: {=R15+Q15} | T15: {=O15/(D15-(F15+N15))} | U15: {=RANK(R15,$R$4:$R$26)} | V15: {=RANK(S15,$S$4:$S$26)} | W15: {=RANK(C15,$C$4:$C$26)} | Y15: 1 | Z15: 0
A16: 류동현
A17: 박영준 | P17: {=O17/D17} | Q17: {=(G17*1+H17*2+I17*3+J17*4)/E17} | R17: {=(F17+N17)/(D17-AA17)} | S17: {=R17+Q17} | T17: {=O17/(D17-(F17+N17))} | U17: {=RANK(R17,$R$4:$R$26)} | V17: {=RANK(S17,$S$4:$S$26)} | W17: {=RANK(C17,$C$4:$C$26)} | Y17: 2 | Z17: 1 | AB17: 2
A18: 박재현 | P18: {=O18/D18} | Q18: {=(G18*1+H18*2+I18*3+J18*4)/E18} | R18: {=(F18+N18)/(D18-AA18)} | S18: {=R18+Q18} | U18: {=RANK(R18,$R$4:$R$26)} | V18: {=RANK(S18,$S$4:$S$26)} | W18: {=RANK(C18,$C$4:$C$26)} | Y18: 3 | Z18: 1
A19: 백정철 | P19: {=O19/D19} | Q19: {=(G19*1+H19*2+I19*3+J19*4)/E19} | R19: {=(F19+N19)/(D19-AA19)} | S19: {=R19+Q19} | T19: {=O19/(D19-(F19+N19))} | U19: {=RANK(R19,$R$4:$R$26)} | V19: {=RANK(S19,$S$4:$S$26)} | Y19: 0 | Z19: 1
A20: 윤태규 | P20: {=O20/D20} | Q20: {=(G20*1+H20*2+I20*3+J20*4)/E20} | R20: {=(F20+N20)/(D20-AA20)} | S20: {=R20+Q20} | T20: {=O20/(D20-(F20+N20))} | U20: {=RANK(R20,$R$4:$R$26)} | V20: {=RANK(S20,$S$4:$S$26)} | W20: {=RANK(C20,$C$4:$C$26)} | Y20: 1 | Z20: 2
A21: 이동진 | P21: {=O21/D21} | Q21: {=(G21*1+H21*2+I21*3+J21*4)/E21} | R21: {=(F21+N21)/(D21-AA21)} | S21: {=R21+Q21} | T21: {=O21/(D21-(F21+N21))} | U21: {=RANK(R21,$R$4:$R$26)} | V21: {=RANK(S21,$S$4:$S$26)} | W21: {=RANK(C21,$C$4:$C$26)} | Y21: 1 | Z21: 0
A22: 이철민
A23: 임지헌 | P23: {=O23/D23} | Q23: {=(G23*1+H23*2+I23*3+J23*4)/E23} | R23: {=(F23+N23)/(D23-AA23)} | S23: {=R23+Q23} | T23: {=O23/(D23-(F23+N23))} | U23: {=RANK(R23,$R$4:$R$26)} | V23: {=RANK(S23,$S$4:$S$26)} | W23: {=RANK(C23,$C$4:$C$26)} | Y23: 0 | Z23: 0
A24: 조태형 | P24: {=O24/D24} | Q24: {=(G24*1+H24*2+I24*3+J24*4)/E24} | R24: {=(F24+N24)/(D24-AA24)} | S24: {=R24+Q24} | T24: {=O24/(D24-(F24+N24))} | U24: {=RANK(R24,$R$4:$R$26)} | V24: {=RANK(S24,$S$4:$S$26)} | W24: {=RANK(C24,$C$4:$C$26)} | Y24: 3 | Z24: 0
A25: 주혁진 | B25: 1 | D25: 2 | E25: 2 | F25: 1 | G25: {=F25-(H25+I25+J25)} -> 1 | H25: 0 | I25: 0 | J25: 0 | K25: 0 | L25: 0 | P25: {=O25/D25} -> 0 | Q25: {=(G25*1+H25*2+I25*3+J25*4)/E25} -> 0.5 | R25: {=(F25+N25)/(D25-AA25)} -> 0.5 | S25: {=R25+Q25} -> 1 | T25: {=O25/(D25-(F25+N25))} -> 0 | U25: {=RANK(R25,$R$4:$R$26)} -> 1 | V25: {=RANK(S25,$S$4:$S$26)} -> 1 | W25: {=RANK(C25,$C$4:$C$26)} | Y25: 3 | Z25: 0
A26: 차현철 | P26: {=O26/D26} | Q26: {=(G26*1+H26*2+I26*3+J26*4)/E26} | R26: {=(F26+N26)/(D26-AA26)} | S26: {=R26+Q26} | T26: {=O26/(D26-(F26+N26))} | U26: {=RANK(R26,$R$4:$R$26)} | V26: {=RANK(S26,$S$4:$S$26)} | W26: {=RANK(C26,$C$4:$C$26)} | Y26: 1 | Z26: 0 | AC26: 1
A27: 총합 | C27: {=F27/E27} -> 0.5 | D27: {=SUM(D4:D26)} -> 2 | E27: {=SUM(E4:E26)} -> 2 | F27: {=SUM(F4:F26)} -> 1 | G27: {=SUM(G4:G26)} -> 1 | H27: {=SUM(H4:H26)} -> 0 | I27: {=SUM(I4:I26)} -> 0 | J27: {=SUM(J4:J26)} -> 0 | K27: {=SUM(K4:K26)} -> 0 | ... O27: {=SUM(O4:O26)} -> 0 | P27: {=O27/D27} -> 0 | Y27: {=SUM(Y4:Y26)} -> 30 | Z27: {=SUM(Z4:Z26)} -> 11 | AA27: {=SUM(AA4:AA26)} -> 1 | AB27: {=SUM(AB4:AB26)} -> 3 | AC27: {=SUM(AC4:AC26)} -> 1
A29: 2. 투수 기록
A30: 이름 | B30: 게임수 | C30: 승 | D30: 패 | E30: 세 | F30: 타자 | G30: 타수 | H30: 이닝 | I30: 피안타 | J30: 피홈런 | K30: 볼넷 | L30: 사구 | M30: 탈삼진 | N30: 실점 | O30: 자책점 | P30: 방어율 | Q30: 제구 | R30: 피안타율 | S30: 경기당 평균 이닝 | T30: 이닝/K | U30: 수비 성공률 | V30: WHIP | W30: 사사구 /100타자 | Y30: 폭투 | Z30: 보크
A31: 권강현 | P31: {=O31*9/H31} | Q31: {=(K31+L31)/H31} | R31: {=I31/H31} | S31: {=H31/B31} | T31: {=M31/H31} | U31: {=O31/N31} | V31: {=(I31+K31+L31)/H31} | W31: {=(L31+K31)/F31*100}
A32: 김민석 | P32: {=O32*9/H32} | Q32: {=(K32+L32)/H32} | R32: {=I32/H32} | S32: {=H32/B32} | T32: {=M32/H32} | U32: {=O32/N32} | V32: {=(I32+K32+L32)/H32} | W32: {=(L32+K32)/F32*100}
A33: 김병진 | P33: {=O33*9/H33} | Q33: {=(K33+L33)/H33} | R33: {=I33/H33} | S33: {=H33/B33} | T33: {=M33/H33} | U33: {=O33/N33} | V33: {=(I33+K33+L33)/H33} | W33: {=(L33+K33)/F33*100}
A34: 김형준 | P34: {=O34*9/H34} | Q34: {=(K34+L34)/H34} | R34: {=I34/H34} | S34: {=H34/B34} | T34: {=M34/H34} | U34: {=O34/N34} | V34: {=(I34+K34+L34)/H34} | W34: {=(L34+K34)/F34*100}
A35: 남동수 | P35: {=O35*9/H35} | Q35: {=(K35+L35)/H35} | R35: {=I35/H35} | S35: {=H35/B35} | T35: {=M35/H35} | U35: {=O35/N35} | V35: {=(I35+K35+L35)/H35} | W35: {=(L35+K35)/F35*100}
A36: 류동현 | P36: {=O36*9/H36} | Q36: {=(K36+L36)/H36} | R36: {=I36/H36} | S36: {=H36/B36} | T36: {=M36/H36} | U36: {=O36/N36} | V36: {=(I36+K36+L36)/H36} | W36: {=(L36+K36)/F36*100}
A37: 박영준 | P37: {=O37*9/H37} | Q37: {=(K37+L37)/H37} | R37: {=I37/H37} | S37: {=H37/B37} | T37: {=M37/H37} | U37: {=O37/N37} | V37: {=(I37+K37+L37)/H37} | W37: {=(L37+K37)/F37*100}
A38: 이동진 | P38: {=O38*9/H38} | Q38: {=(K38+L38)/H38} | R38: {=I38/H38} | S38: {=H38/B38} | T38: {=M38/H38} | U38: {=O38/N38} | V38: {=(I38+K38+L38)/H38} | W38: {=(L38+K38)/F38*100}
A39: 이철민 | P39: {=O39*9/H39} | Q39: {=(K39+L39)/H39} | R39: {=I39/H39} | S39: {=H39/B39} | T39: {=M39/H39} | U39: {=O39/N39} | V39: {=(I39+K39+L39)/H39} | W39: {=(L39+K39)/F39*100}
A40: 임지헌 | P40: {=O40*9/H40} | Q40: {=(K40+L40)/H40} | R40: {=I40/H40} | S40: {=H40/B40} | T40: {=M40/H40} | U40: {=O40/N40} | V40: {=(I40+K40+L40)/H40} | W40: {=(L40+K40)/F40*100}
A41: 조태형 | P41: {=O41*9/H41} | Q41: {=(K41+L41)/H41} | R41: {=I41/H41} | S41: {=H41/B41} | T41: {=M41/H41} | U41: {=O41/N41} | V41: {=(I41+K41+L41)/H41} | W41: {=(L41+K41)/F41*100} | Y41: 2
A42: 총합 | C42: {=SUM(C31:C41)} -> 0 | D42: {=SUM(D31:D41)} -> 0 | E42: {=SUM(E31:E41)} -> 0 | F42: {=SUM(F31:F41)} -> 0 | G42: {=SUM(G31:G41)} -> 0 | H42: {=SUM(H31:H41)} -> 0 | I42: {=SUM(I31:I41)} -> 0 | J42: {=SUM(J31:J41)} -> 0 | ... O42: {=SUM(O31:O41)} -> 0 | P42: {=O42*9/H42} | Q42: {=(K42+L42)/H42} | R42: {=I42/H42} | S42: {=H42/B42} | T42: {=M42/H42} | U42: {=O42/N42} | V42: {=(I42+K42+L42)/H42} | Y42: {=SUM(Y31:Y41)} -> 2 | Z42: {=SUM(Z31:Z41)} -> 0

Sheet 22년 시즌
A1: ◎ '22시즌 Rascal 성적
A2: 1. 타자 기록
A3: 이름 | B3: 게임수 | C3: 타율 | D3: 타석 | E3: 타수 | F3: 안타 | G3: 1루타 | H3: 2루타 | I3: 3루타 | J3: 홈런 | K3: 득점 | L3: 타점 | M3: 도루 | N3: 사사구 | O3: 삼진 | P3: 장타율 | Q3: 출루율 | R3: OPS | S3: OPS 등수 | T3: 출루율 등수
A4: 권강현 | B4: 2 | C4: {=F4/E4} -> 0 | D4: 1 | E4: 1 | F4: 0 | G4: 0 | H4: 0 | I4: 0 | J4: 0 | K4: 0 | L4: 0 | M4: 0 | N4: 0 | O4: 1 | P4: {=(G4*1+H4*2+I4*3+J4*4)/E4} -> 0 | Q4: 0 | R4: {=Q4+P4} -> 0 | S4: {=RANK(R4,$R$4:$R$24)} -> 15 | T4: {=RANK(C4,$C$4:$C$24)} -> 14
A5: 권혁진 | B5: 6 | C5: {=F5/E5} -> 0 | D5: 11 | E5: 3 | F5: 0 | G5: 0 | H5: 0 | I5: 0 | J5: 0 | K5: 2 | L5: 1 | M5: 2 | N5: 8 | O5: 3 | P5: {=(G5*1+H5*2+I5*3+J5*4)/E5} -> 0 | Q5: {=(F5+N5)/D5} -> 0.72727273 | R5: {=Q5+P5} -> 0.72727273 | S5: {=RANK(R5,$R$4:$R$24)} -> 14 | T5: {=RANK(C5,$C$4:$C$24)} -> 14
A6: 김기태 | B6: 9 | C6: {=F6/E6} -> 0.75 | D6: 28 | E6: 20 | F6: 15 | G6: 10 | H6: 4 | I6: 1 | J6: 0 | K6: 14 | L6: 11 | M6: 11 | N6: 8 | O6: 1 | P6: {=(G6*1+H6*2+I6*3+J6*4)/E6} -> 1.05 | Q6: {=(F6+N6)/D6} -> 0.82142857 | R6: {=Q6+P6} -> 1.8714286 | S6: {=RANK(R6,$R$4:$R$24)} -> 1 | T6: {=RANK(C6,$C$4:$C$24)} -> 1
A7: 김민석 | B7: 0 | C7: 0 | D7: 0 | E7: 0 | F7: 0 | G7: 0 | H7: 0 | I7: 0 | J7: 0 | K7: 0 | L7: 0 | M7: 0 | N7: 0 | O7: 0 | P7: 0 | Q7: 0 | R7: {=Q7+P7} -> 0 | S7: {=RANK(R7,$R$4:$R$24)} -> 15 | T7: {=RANK(C7,$C$4:$C$24)} -> 14
A8: 김범희 | B8: 9 | C8: {=F8/E8} -> 0.45 | D8: 22 | E8: 20 | F8: 9 | G8: 6 | H8: 3 | I8: 0 | J8: 0 | K8: 8 | L8: 9 | M8: 6 | N8: 2 | O8: 4 | P8: {=(G8*1+H8*2+I8*3+J8*4)/E8} -> 0.6 | Q8: {=(F8+N8)/D8} -> 0.5 | R8: {=Q8+P8} -> 1.1 | S8: {=RANK(R8,$R$4:$R$24)} -> 6 | T8: {=RANK(C8,$C$4:$C$24)} -> 4
A9: 김병진 | B9: 5 | C9: {=F9/E9} -> 0.33333333 | D9: 13 | E9: 12 | F9: 4 | G9: 3 | H9: 1 | I9: 0 | J9: 0 | K9: 2 | L9: 1 | M9: 2 | N9: 1 | O9: 4 | P9: {=(G9*1+H9*2+I9*3+J9*4)/E9} -> 0.41666667 | Q9: {=(F9+N9)/D9} -> 0.38461538 | R9: {=Q9+P9} -> 0.80128205 | S9: {=RANK(R9,$R$4:$R$24)} -> 12 | T9: {=RANK(C9,$C$4:$C$24)} -> 9
A10: 김재영 | B10: 9 | C10: {=F10/E10} -> 0.35714286 | D10: 31 | E10: 28 | F10: 10 | G10: 6 | H10: 3 | I10: 1 | J10: 0 | K10: 7 | L10: 8 | M10: 5 | N10: 3 | O10: 5 | P10: {=(G10*1+H10*2+I10*3+J10*4)/E10} -> 0.53571429 | Q10: {=(F10+N10)/D10} -> 0.41935484 | R10: {=Q10+P10} -> 0.95506912 | S10: {=RANK(R10,$R$4:$R$24)} -> 8 | T10: {=RANK(C10,$C$4:$C$24)} -> 8
A11: 김태양 | B11: 5 | C11: {=F11/E11} -> 0.36363636 | D11: 13 | E11: 11 | F11: 4 | G11: 4 | H11: 0 | I11: 0 | J11: 0 | K11: 4 | L11: 5 | M11: 3 | N11: 2 | O11: 4 | P11: {=(G11*1+H11*2+I11*3+J11*4)/E11} -> 0.36363636 | Q11: {=(F11+N11)/D11} -> 0.46153846 | R11: {=Q11+P11} -> 0.82517483 | S11: {=RANK(R11,$R$4:$R$24)} -> 11 | T11: {=RANK(C11,$C$4:$C$24)} -> 7
A12: 김현철 | B12: 0 | C12: 0 | D12: 0 | E12: 0 | F12: 0 | G12: 0 | H12: 0 | I12: 0 | J12: 0 | K12: 0 | L12: 0 | M12: 0 | N12: 0 | O12: 0 | P12: 0 | Q12: 0 | R12: {=Q12+P12} -> 0 | S12: {=RANK(R12,$R$4:$R$24)} -> 15 | T12: {=RANK(C12,$C$4:$C$24)} -> 14
A13: 김형준 | B13: 4 | C13: {=F13/E13} -> 0.25 | D13: 6 | E13: 4 | F13: 1 | G13: 0 | H13: 0 | I13: 0 | J13: 1 | K13: 2 | L13: 3 | M13: 0 | N13: 2 | O13: 1 | P13: {=(G13*1+H13*2+I13*3+J13*4)/E13} -> 1 | Q13: {=(F13+N13)/D13} -> 0.5 | R13: {=Q13+P13} -> 1.5 | S13: {=RANK(R13,$R$4:$R$24)} -> 2 | T13: {=RANK(C13,$C$4:$C$24)} -> 12
A14: 김희제 | B14: 7 | C14: {=F14/E14} -> 0.28571429 | D14: 17 | E14: 14 | F14: 4 | G14: 3 | H14: 0 | I14: 1 | J14: 0 | K14: 6 | L14: 1 | M14: 3 | N14: 3 | O14: 5 | P14: {=(G14*1+H14*2+I14*3+J14*4)/E14} -> 0.42857143 | Q14: {=(F14+N14)/D14} -> 0.41176471 | R14: {=Q14+P14} -> 0.84033613 | S14: {=RANK(R14,$R$4:$R$24)} -> 10 | T14: {=RANK(C14,$C$4:$C$24)} -> 11
A15: 남동수 | B15: 0 | C15: 0 | D15: 0 | E15: 0 | F15: 0 | G15: 0 | H15: 0 | I15: 0 | J15: 0 | K15: 0 | L15: 0 | M15: 0 | N15: 0 | O15: 0 | P15: 0 | Q15: 0 | R15: {=Q15+P15} -> 0 | S15: {=RANK(R15,$R$4:$R$24)} -> 15 | T15: {=RANK(C15,$C$4:$C$24)} -> 14
A16: 류동현 | B16: 6 | C16: {=F16/E16} -> 0.42857143 | D16: 9 | E16: 7 | F16: 3 | G16: 2 | H16: 1 | I16: 0 | J16: 0 | K16: 1 | L16: 3 | M16: 2 | N16: 2 | O16: 1 | P16: {=(G16*1+H16*2+I16*3+J16*4)/E16} -> 0.57142857 | Q16: {=(F16+N16)/D16} -> 0.55555556 | R16: {=Q16+P16} -> 1.1269841 | S16: {=RANK(R16,$R$4:$R$24)} -> 5 | T16: {=RANK(C16,$C$4:$C$24)} -> 5
A17: 박영준 | B17: 0 | C17: 0 | D17: 0 | E17: 0 | F17: 0 | G17: 0 | H17: 0 | I17: 0 | J17: 0 | K17: 0 | L17: 0 | M17: 0 | N17: 0 | O17: 0 | P17: 0 | Q17: 0 | R17: {=Q17+P17} -> 0 | S17: {=RANK(R17,$R$4:$R$24)} -> 15 | T17: {=RANK(C17,$C$4:$C$24)} -> 14
A18: 박재현 | B18: 1 | C18: {=F18/E18} -> 0 | D18: 1 | E18: 1 | F18: 0 | G18: 0 | H18: 0 | I18: 0 | J18: 0 | K18: 0 | L18: 0 | M18: 0 | N18: 0 | O18: 1 | P18: {=(G18*1+H18*2+I18*3+J18*4)/E18} -> 0 | Q18: {=(F18+N18)/D18} -> 0 | R18: {=Q18+P18} -> 0 | S18: {=RANK(R18,$R$4:$R$24)} -> 15 | T18: {=RANK(C18,$C$4:$C$24)} -> 14
A19: 백정철 | B19: 7 | C19: {=F19/E19} -> 0.42857143 | D19: 18 | E19: 14 | F19: 6 | G19: 6 | H19: 0 | I19: 0 | J19: 0 | K19: 7 | L19: 7 | M19: 3 | N19: 4 | O19: 2 | P19: {=(G19*1+H19*2+I19*3+J19*4)/E19} -> 0.42857143 | Q19: {=(F19+N19)/D19} -> 0.55555556 | R19: {=Q19+P19} -> 0.98412698 | S19: {=RANK(R19,$R$4:$R$24)} -> 7 | T19: {=RANK(C19,$C$4:$C$24)} -> 5
A20: 이동진 | B20: 8 | C20: {=F20/E20} -> 0.33333333 | D20: 18 | E20: 15 | F20: 5 | G20: 3 | H20: 2 | I20: 0 | J20: 0 | K20: 4 | L20: 8 | M20: 6 | N20: 3 | O20: 2 | P20: {=(G20*1+H20*2+I20*3+J20*4)/E20} -> 0.46666667 | Q20: {=(F20+N20)/D20} -> 0.44444444 | R20: {=Q20+P20} -> 0.91111111 | S20: {=RANK(R20,$R$4:$R$24)} -> 9 | T20: {=RANK(C20,$C$4:$C$24)} -> 9
A21: 이철민 | B21: 9 | C21: {=F21/E21} -> 0.56 | D21: 27 | E21: 25 | F21: 14 | G21: 13 | H21: 1 | I21: 0 | J21: 0 | K21: 5 | L21: 9 | M21: 4 | N21: 2 | O21: 2 | P21: {=(G21*1+H21*2+I21*3+J21*4)/E21} -> 0.6 | Q21: {=(F21+N21)/D21} -> 0.59259259 | R21: {=Q21+P21} -> 1.1925926 | S21: {=RANK(R21,$R$4:$R$24)} -> 4 | T21: {=RANK(C21,$C$4:$C$24)} -> 2
A22: 임지헌 | B22: 3 | C22: {=F22/E22} -> 0.25 | D22: 6 | E22: 4 | F22: 1 | G22: 1 | H22: 0 | I22: 0 | J22: 0 | K22: 5 | L22: 1 | M22: 4 | N22: 2 | O22: 1 | P22: {=(G22*1+H22*2+I22*3+J22*4)/E22} -> 0.25 | Q22: {=(F22+N22)/D22} -> 0.5 | R22: {=Q22+P22} -> 0.75 | S22: {=RANK(R22,$R$4:$R$24)} -> 13 | T22: {=RANK(C22,$C$4:$C$24)} -> 12
A23: 조태형 | B23: 9 | C23: {=F23/E23} -> 0.5 | D23: 24 | E23: 22 | F23: 11 | G23: 6 | H23: 4 | I23: 1 | J23: 0 | K23: 9 | L23: 6 | M23: 3 | N23: 2 | O23: 3 | P23: {=(G23*1+H23*2+I23*3+J23*4)/E23} -> 0.77272727 | Q23: {=(F23+N23)/D23} -> 0.54166667 | R23: {=Q23+P23} -> 1.3143939 | S23: {=RANK(R23,$R$4:$R$24)} -> 3 | T23: {=RANK(C23,$C$4:$C$24)} -> 3
A24: 차현철 | B24: 0 | C24: 0 | D24: 0 | E24: 0 | F24: 0 | G24: 0 | H24: 0 | I24: 0 | J24: 0 | K24: 0 | L24: 0 | M24: 0 | N24: 0 | O24: 0 | P24: 0 | Q24: 0 | R24: {=Q24+P24} -> 0 | S24: {=RANK(R24,$R$4:$R$24)} -> 15 | T24: {=RANK(C24,$C$4:$C$24)} -> 14
